CountClassCoupled,CountClassDerived,CountDeclInstanceMethod,CountDeclInstanceVariable,CountDeclMethodAll,CountDeclMethodPrivate,CountDeclMethodPublic,CountLineCode,MaxInheritanceTree,PercentLackOfCohesion,SumCyclomatic,CountClassBase,Alter
13,0,1,0,39,0,39,328,1,89,81,1,YES
3,0,14,0,46,0,14,60,2,0,15,1,YES
1,0,10,0,73,0,10,32,2,0,10,1,YES
3,0,12,5,12,0,12,139,1,79,34,1,YES
4,1,32,8,32,0,32,245,1,79,58,1,YES
0,0,8,1,8,0,8,31,1,12,10,1,YES
8,0,7,0,45,0,7,99,3,0,20,1,YES
2,0,14,4,15,2,9,179,1,68,40,1,YES
1,0,2,0,3,1,2,137,1,0,33,2,YES
22,0,25,5,126,0,25,381,5,78,81,5,YES
0,0,1,0,1,0,1,5,2,0,1,1,YES
5,0,9,1,46,0,9,129,3,61,26,2,YES
2,1,15,0,101,0,15,41,4,0,7,1,YES
5,0,14,3,14,0,14,62,1,59,16,3,YES
15,1,15,3,15,0,15,110,1,55,26,3,YES
4,0,4,0,19,0,4,23,2,0,5,1,YES
12,0,13,4,13,0,13,94,2,80,21,2,YES
3,0,7,1,7,0,7,71,2,57,16,2,YES
21,4,33,1,119,0,33,183,4,96,39,1,YES
20,0,34,13,153,0,34,857,5,89,178,9,YES
23,0,34,14,153,0,34,783,5,90,166,9,YES
24,0,32,11,151,1,31,809,5,88,173,7,YES
27,0,51,20,170,0,51,1256,5,92,265,11,YES
5,0,15,0,101,0,15,71,4,0,16,1,YES
5,0,15,0,101,0,15,71,4,0,16,1,YES
5,0,15,0,101,0,15,71,4,0,16,1,YES
5,0,16,0,102,0,16,81,4,0,18,1,YES
5,0,15,0,101,0,15,71,4,0,16,1,YES
5,0,16,0,102,0,16,81,4,0,18,1,YES
5,0,15,0,101,0,15,71,4,0,16,1,YES
7,0,16,1,102,0,16,92,4,93,20,1,YES
5,0,16,0,102,0,16,81,4,0,18,1,YES
12,0,21,0,107,0,21,265,4,0,56,1,YES
1,9,2,0,67,0,3,10,3,0,2,1,YES
6,0,8,5,75,0,8,78,4,62,13,2,YES
8,0,10,5,77,0,10,76,4,65,15,2,YES
11,0,10,6,77,0,10,252,4,80,54,4,YES
6,0,7,5,74,0,7,83,4,60,15,2,YES
6,0,7,5,74,0,7,78,4,57,15,2,YES
8,0,7,4,74,0,7,72,4,67,14,2,YES
6,0,7,5,74,0,7,70,4,57,12,2,YES
6,0,6,5,73,0,6,60,4,66,11,2,YES
0,0,3,0,70,0,3,19,4,0,3,1,YES
6,0,15,0,101,0,15,77,4,0,16,1,YES
46,0,67,10,153,0,67,912,4,92,216,3,YES
19,0,22,1,108,0,22,177,4,90,39,2,YES
7,0,18,0,104,0,18,105,4,0,23,2,YES
11,0,17,0,103,0,17,113,4,0,25,1,YES
20,0,23,1,109,0,23,261,4,91,51,3,YES
16,0,21,2,107,0,21,172,4,90,38,3,YES
88,0,25,0,111,0,25,287,4,0,51,2,YES
28,0,28,1,114,0,28,280,4,92,60,2,YES
23,0,24,3,110,0,24,190,4,91,41,3,YES
23,0,36,3,122,0,36,828,4,92,190,2,YES
14,0,19,1,105,0,19,157,4,89,35,2,YES
1,0,3,4,13,0,3,18,2,50,3,1,YES
9,0,5,3,5,0,5,96,1,60,17,2,YES
1,0,2,0,2,0,2,14,2,0,3,1,YES
7,0,11,2,75,0,10,62,3,81,11,1,YES
7,0,11,10,75,0,10,100,3,82,20,1,YES
5,0,14,1,78,0,14,84,3,21,25,1,YES
15,0,20,1,84,0,20,145,3,19,45,1,YES
20,0,19,6,83,0,18,488,3,83,108,4,YES
0,0,3,0,3,0,3,13,2,0,3,1,YES
4,0,4,1,75,0,4,25,4,25,4,2,YES
12,22,64,13,64,18,46,647,2,95,155,3,YES
3,0,4,1,68,0,4,25,3,50,6,1,YES
8,0,12,1,76,0,12,70,3,33,19,1,YES
4,0,13,3,78,0,13,71,3,89,14,1,YES
0,0,7,5,7,0,7,33,1,68,7,1,YES
1,0,6,2,6,3,3,24,1,37,5,1,YES
4,1,59,4,122,0,59,312,2,90,77,1,YES
1,1,15,5,15,0,15,80,1,74,22,2,YES
1,0,3,1,18,0,3,14,2,0,3,1,YES
10,20,62,12,63,0,63,450,1,87,112,2,YES
3,0,29,3,92,0,29,198,2,34,34,1,YES
2,0,2,0,11,0,11,129,1,63,37,1,YES
1,0,6,1,6,0,6,26,1,66,8,2,YES
1,0,2,1,2,0,2,28,1,0,6,2,YES
4,0,6,1,6,0,6,23,1,66,7,2,YES
4,0,6,1,6,0,6,23,1,66,7,2,YES
4,0,0,0,5,0,5,147,1,0,29,1,YES
0,1,16,6,16,0,16,85,1,77,23,2,YES
0,0,5,1,21,0,5,46,2,19,12,1,YES
13,0,5,0,5,0,5,442,1,0,107,1,YES
0,0,24,19,24,0,24,737,1,94,90,1,YES
4,0,1,0,38,0,38,178,1,96,58,1,YES
4,0,1,0,15,0,15,236,1,68,59,1,YES
0,0,2,1,2,0,2,12,1,0,3,2,YES
13,0,1,0,11,0,11,152,1,68,35,1,YES
13,0,1,0,69,0,68,1146,1,0,191,1,YES
3,0,1,0,19,0,15,322,1,0,52,1,YES
5,0,23,4,23,0,23,187,1,63,40,1,YES
1,0,1,0,3,0,3,17,1,66,5,1,YES
1,0,1,0,9,0,9,75,1,50,18,1,YES
1,0,4,1,4,0,4,25,1,0,6,2,YES
0,0,6,2,6,0,6,32,1,41,8,2,YES
6,0,0,0,28,0,28,492,1,64,95,1,YES
6,0,0,0,29,0,29,512,1,62,99,1,YES
6,0,0,0,29,0,29,513,1,62,99,1,YES
5,0,3,0,88,0,3,74,3,0,12,1,YES
4,0,3,0,88,0,3,53,3,0,8,1,YES
5,0,3,0,88,0,3,93,3,0,16,1,YES
8,0,3,0,88,0,3,180,3,0,27,1,YES
4,0,3,0,88,0,3,65,3,0,11,1,YES
4,0,3,0,88,0,3,54,3,0,7,1,YES
7,0,3,0,88,0,3,66,3,0,9,1,YES
4,0,3,0,88,0,3,82,3,0,14,1,YES
6,0,3,0,88,0,3,165,3,0,43,1,YES
6,0,3,0,88,0,3,64,3,0,10,1,YES
6,0,3,0,88,0,3,77,3,0,11,1,YES
7,0,3,0,88,0,3,140,3,0,19,1,YES
5,0,3,0,88,0,3,88,3,0,14,1,YES
6,0,3,0,88,0,3,58,3,0,9,1,YES
5,0,3,0,88,0,3,81,3,0,12,1,YES
8,0,4,0,89,0,4,426,3,0,69,1,YES
8,0,10,0,95,0,10,816,3,0,105,1,YES
11,0,6,36,91,0,6,1306,3,50,167,1,YES
7,0,5,0,90,0,5,298,3,0,59,1,YES
8,0,4,0,89,0,4,414,3,0,81,1,YES
8,0,5,0,90,0,5,532,3,0,90,1,YES
6,0,3,0,89,0,4,104,3,0,15,1,YES
11,0,5,0,90,0,5,174,3,0,34,1,YES
5,0,3,0,88,0,3,67,3,0,8,1,YES
13,0,5,0,90,0,5,215,3,0,38,1,YES
6,0,4,0,89,0,4,91,3,0,13,1,YES
4,0,3,0,88,0,3,69,3,0,10,1,YES
4,0,3,0,88,0,3,53,3,0,8,1,YES
4,0,3,0,88,0,3,53,3,0,8,1,YES
6,0,4,0,89,0,4,99,3,0,12,1,YES
4,0,3,0,88,0,3,66,3,0,11,1,YES
4,0,3,0,88,0,3,71,3,0,10,1,YES
5,0,3,0,88,0,3,85,3,0,11,1,YES
7,0,3,0,88,0,3,110,3,0,17,1,YES
4,0,3,0,88,0,3,69,3,0,10,1,YES
5,0,4,0,89,0,4,92,3,0,14,1,YES
6,0,3,0,88,0,3,76,3,0,12,1,YES
4,0,3,0,88,0,3,57,3,0,9,1,YES
5,0,3,0,88,0,3,59,3,0,7,1,YES
4,0,3,0,88,0,3,73,3,0,10,1,YES
4,0,3,0,88,0,3,54,3,0,7,1,YES
4,0,3,0,88,0,3,60,3,0,9,1,YES
6,0,3,0,88,0,3,56,3,0,8,1,YES
5,0,3,0,88,0,3,56,3,0,8,1,YES
6,0,3,0,88,0,3,93,3,0,11,1,YES
6,0,3,0,88,0,3,127,3,0,19,1,YES
7,0,3,0,88,0,3,163,3,0,24,1,YES
9,0,3,0,89,0,4,122,3,50,20,1,YES
4,0,3,0,88,0,3,81,3,0,10,1,YES
10,0,4,0,89,0,4,121,3,0,15,1,YES
4,0,3,0,88,0,3,71,3,0,12,1,YES
8,0,3,0,88,0,3,96,3,0,15,1,YES
4,0,3,0,88,0,3,79,3,0,12,1,YES
7,0,3,0,88,0,3,56,3,0,8,1,YES
5,0,3,0,88,0,3,75,3,0,12,1,YES
5,0,4,0,89,0,4,86,3,0,14,1,YES
9,0,3,0,88,0,3,81,3,0,10,1,YES
6,0,3,0,88,0,3,82,3,0,16,1,YES
5,0,3,0,88,0,3,57,3,0,8,1,YES
5,0,3,0,88,0,3,73,3,0,11,1,YES
5,0,3,0,88,0,3,71,3,0,11,1,YES
4,0,3,0,88,0,3,60,3,0,9,1,YES
8,0,3,0,88,0,3,61,3,0,9,1,YES
15,0,4,0,89,0,4,152,3,0,22,1,YES
9,0,5,0,90,0,5,112,3,0,16,1,YES
5,0,4,0,89,0,4,82,3,0,14,1,YES
9,0,7,0,92,0,7,721,3,42,89,1,YES
4,0,4,3,89,0,4,119,3,58,18,1,YES
7,0,3,0,88,0,3,71,3,0,9,1,YES
5,0,3,0,88,0,3,84,3,0,14,1,YES
4,0,3,0,88,0,3,57,3,0,9,1,YES
5,0,3,0,88,0,3,58,3,0,8,1,YES
5,0,3,0,88,0,3,65,3,0,11,1,YES
6,0,3,0,88,0,3,66,3,0,8,1,YES
4,0,3,0,88,0,3,68,3,0,9,1,YES
8,0,3,0,88,0,3,60,3,0,7,1,YES
4,0,3,0,88,0,3,66,3,0,10,1,YES
7,0,3,0,88,0,3,141,3,0,21,1,YES
4,0,3,0,88,0,3,57,3,0,9,1,YES
8,0,4,0,89,0,4,148,3,0,21,1,YES
6,0,3,0,88,0,3,115,3,0,15,1,YES
6,0,3,0,88,0,3,81,3,0,12,1,YES
4,0,3,0,88,0,3,62,3,0,10,1,YES
8,0,4,0,89,0,4,90,3,0,13,1,YES
5,0,4,0,89,0,4,127,3,0,20,1,YES
4,0,3,0,88,0,3,78,3,0,15,1,YES
5,0,3,0,88,0,3,86,3,0,13,1,YES
4,0,3,0,88,0,3,85,3,0,13,1,YES
4,0,3,0,88,0,3,55,3,0,7,1,YES
9,0,5,3,90,0,5,401,3,80,34,1,YES
8,0,3,0,88,0,3,79,3,0,8,1,YES
4,0,3,0,88,0,3,58,3,0,9,1,YES
4,0,3,0,88,0,3,58,3,0,9,1,YES
5,0,4,2,89,0,4,131,3,50,20,1,YES
4,0,3,0,88,0,3,80,3,0,12,1,YES
4,0,3,0,88,0,3,79,3,0,13,1,YES
5,0,3,0,88,0,3,61,3,0,9,1,YES
4,0,3,0,88,0,3,59,3,0,9,1,YES
7,0,3,0,88,0,3,71,3,0,10,1,YES
4,0,3,0,88,0,3,58,3,0,9,1,YES
4,0,3,0,88,0,3,59,3,0,9,1,YES
4,0,3,0,88,0,3,61,3,0,9,1,YES
5,0,3,0,88,0,3,105,3,0,15,1,YES
4,0,3,0,88,0,3,71,3,0,10,1,YES
9,0,4,0,89,0,4,93,3,0,13,1,YES
4,0,3,0,88,0,3,62,3,0,10,1,YES
8,0,5,1,90,0,5,88,3,60,13,1,YES
11,0,4,5,89,0,4,210,3,55,29,1,YES
6,0,3,0,88,0,3,71,3,0,10,1,YES
7,0,3,0,88,0,3,72,3,0,9,1,YES
6,0,3,0,88,0,3,191,3,0,38,1,YES
8,0,4,0,89,0,4,96,3,0,16,1,YES
5,0,3,0,88,0,3,70,3,0,11,1,YES
7,0,3,0,88,0,3,115,3,0,18,1,YES
5,0,3,0,88,0,3,96,3,0,15,1,YES
6,0,4,0,89,0,4,68,3,0,12,1,YES
4,0,3,0,88,0,3,61,3,0,9,1,YES
6,0,3,0,88,0,3,85,3,0,13,1,YES
7,0,3,0,88,0,3,97,3,0,14,1,YES
7,0,3,0,88,0,3,84,3,0,13,1,YES
5,0,3,0,88,0,3,63,3,0,9,1,YES
8,0,4,1,89,0,4,112,3,50,16,1,YES
6,0,5,3,90,0,5,145,3,60,19,1,YES
14,0,6,0,91,0,6,156,3,0,25,1,YES
4,0,3,0,88,0,3,64,3,0,10,1,YES
6,0,4,0,89,0,4,127,3,0,18,1,YES
7,0,3,0,88,0,3,125,3,0,24,1,YES
6,0,3,0,88,0,3,59,3,0,9,1,YES
6,0,3,0,88,0,3,55,3,0,8,1,YES
8,0,3,0,88,0,3,90,3,0,13,1,YES
8,0,3,0,88,0,3,125,3,0,17,1,YES
8,0,3,6,88,0,3,147,3,66,22,1,YES
5,0,3,0,88,0,3,69,3,0,10,1,YES
5,0,3,0,88,0,3,72,3,0,11,1,YES
10,0,3,0,88,0,3,75,3,0,11,1,YES
7,0,4,0,89,0,4,109,3,0,16,1,YES
5,0,4,0,89,0,4,107,3,0,17,1,YES
7,0,5,0,90,0,5,92,3,0,14,1,YES
5,0,3,0,88,0,3,84,3,0,13,1,YES
5,0,4,0,89,0,4,86,3,0,12,1,YES
6,0,3,0,88,0,3,74,3,0,12,1,YES
6,0,3,0,88,0,3,66,3,0,10,1,YES
6,0,4,0,89,0,4,123,3,0,19,1,YES
7,0,3,0,88,0,3,71,3,0,9,1,YES
5,0,3,0,88,0,3,97,3,0,15,1,YES
4,0,3,0,88,0,3,58,3,0,9,1,YES
8,0,4,6,89,0,4,184,3,54,28,1,YES
9,0,5,1,90,0,5,155,3,60,19,1,YES
5,0,3,0,88,0,3,89,3,0,19,1,YES
7,0,3,0,88,0,3,86,3,0,13,1,YES
5,0,3,0,88,0,3,59,3,0,8,1,YES
4,0,3,0,88,0,3,75,3,0,11,1,YES
4,0,3,0,88,0,3,169,3,0,18,1,YES
4,0,3,0,88,0,3,81,3,0,13,1,YES
7,0,3,0,88,0,3,97,3,0,14,1,YES
6,0,3,0,88,0,3,66,3,0,10,1,YES
8,0,4,0,89,0,4,145,3,0,23,1,YES
4,0,3,0,88,0,3,80,3,0,14,1,YES
7,0,4,0,89,0,4,90,3,0,14,1,YES
4,0,3,0,88,0,3,68,3,0,11,1,YES
4,0,3,0,88,0,3,57,3,0,9,1,YES
5,0,3,0,88,0,3,72,3,0,10,1,YES
6,0,4,0,89,0,4,105,3,0,16,1,YES
8,0,3,0,88,0,3,96,3,0,15,1,YES
5,0,3,0,88,0,3,48,3,0,7,1,YES
8,0,3,0,88,0,3,89,3,0,13,1,YES
7,0,3,0,88,0,3,82,3,0,13,1,YES
6,0,3,0,88,0,3,61,3,0,10,1,YES
5,0,4,0,89,0,4,124,3,0,19,1,YES
5,0,3,0,88,0,3,55,3,0,8,1,YES
4,0,3,0,88,0,3,68,3,0,11,1,YES
4,0,3,0,88,0,3,61,3,0,10,1,YES
6,0,3,0,88,0,3,83,3,0,12,1,YES
4,0,3,0,88,0,3,85,3,0,11,1,YES
4,0,3,0,88,0,3,67,3,0,10,1,YES
4,0,3,0,88,0,3,135,3,0,26,1,YES
16,0,4,0,89,0,4,280,3,0,48,1,YES
8,0,3,0,88,0,3,107,3,0,16,1,YES
6,0,4,1,89,0,4,97,3,50,17,1,YES
4,0,3,0,88,0,3,63,3,0,10,1,YES
6,0,3,0,88,0,3,66,3,0,10,1,YES
8,0,4,0,89,0,4,174,3,0,22,1,YES
4,0,3,0,88,0,3,57,3,0,9,1,YES
4,0,3,0,88,0,3,60,3,0,10,1,YES
8,0,3,0,88,0,3,96,3,0,9,1,YES
7,0,4,0,89,0,4,90,3,0,13,1,YES
4,0,3,0,88,0,3,62,3,0,10,1,YES
4,0,3,0,88,0,3,67,3,0,11,1,YES
4,0,3,0,88,0,3,69,3,0,10,1,YES
4,0,3,0,88,0,3,80,3,0,11,1,YES
12,0,5,1,90,0,5,447,3,60,21,1,YES
9,0,3,0,88,0,3,122,3,0,19,1,YES
6,0,4,0,89,0,4,85,3,0,12,1,YES
4,0,3,0,88,0,3,79,3,0,12,1,YES
11,0,3,0,88,0,3,238,3,0,26,1,YES
4,0,3,0,88,0,3,62,3,0,10,1,YES
6,0,4,0,89,0,4,94,3,0,14,1,YES
9,0,3,0,88,0,3,75,3,0,10,1,YES
10,0,5,2,90,0,5,130,3,60,19,1,YES
4,0,3,0,88,0,3,62,3,0,8,1,YES
6,0,5,0,90,0,5,160,3,0,16,1,YES
7,0,3,0,88,0,3,103,3,0,16,1,YES
6,0,5,0,90,0,5,84,3,0,16,1,YES
6,0,3,0,88,0,3,69,3,0,11,1,YES
4,0,4,0,89,0,4,74,3,0,14,1,YES
11,0,3,0,88,0,3,94,3,0,13,1,YES
12,0,3,0,88,0,3,94,3,0,13,1,YES
9,0,3,0,88,0,3,82,3,0,11,1,YES
6,0,3,0,88,0,3,68,3,0,9,1,YES
10,0,4,1,89,0,4,105,3,50,16,1,YES
11,0,4,2,89,0,4,153,3,50,27,1,YES
4,0,3,0,88,0,3,60,3,0,10,1,YES
4,0,3,0,88,0,3,60,3,0,10,1,YES
7,0,5,0,90,0,5,132,3,0,17,1,YES
7,0,3,0,88,0,3,87,3,0,14,1,YES
7,0,3,0,88,0,3,75,3,0,11,1,YES
6,0,3,0,88,0,3,86,3,0,14,1,YES
4,0,3,0,88,0,3,76,3,0,13,1,YES
4,0,3,0,88,0,3,73,3,0,11,1,YES
10,0,3,0,88,0,3,92,3,0,11,1,YES
9,0,9,0,94,0,9,226,3,0,40,1,YES
6,0,3,0,88,0,3,86,3,0,12,1,YES
5,0,3,0,88,0,3,70,3,0,11,1,YES
8,0,4,0,89,0,4,92,3,0,12,1,YES
7,0,3,0,88,0,3,116,3,0,17,1,YES
4,0,3,0,88,0,3,63,3,0,9,1,YES
5,0,3,0,88,0,3,55,3,0,8,1,YES
7,0,4,0,89,0,4,96,3,0,18,1,YES
4,0,3,0,88,0,3,83,3,0,13,1,YES
6,0,4,0,89,0,4,79,3,0,12,1,YES
9,0,5,0,90,0,5,108,3,0,21,1,YES
7,0,3,0,88,0,3,72,3,0,12,1,YES
7,0,4,0,89,0,4,81,3,0,11,1,YES
7,0,4,0,89,0,4,74,3,0,12,1,YES
6,0,3,0,88,0,3,91,3,0,14,1,YES
8,0,3,0,88,0,3,98,3,0,12,1,YES
9,0,5,0,90,0,5,154,3,0,34,1,YES
6,0,4,0,89,0,4,136,3,0,17,1,YES
4,0,3,0,88,0,3,60,3,0,10,1,YES
5,0,4,0,89,0,4,85,3,0,13,1,YES
5,0,3,0,88,0,3,94,3,0,14,1,YES
6,0,3,0,88,0,3,92,3,0,16,1,YES
9,0,5,1,90,0,5,126,3,60,19,1,YES
8,0,3,1,88,0,3,90,3,66,11,1,YES
10,0,3,0,88,0,3,118,3,0,20,1,YES
5,0,3,0,88,0,3,69,3,0,10,1,YES
6,0,4,0,89,0,4,87,3,0,11,1,YES
6,0,3,0,88,0,3,93,3,0,13,1,YES
7,0,4,0,89,0,4,143,3,0,11,1,YES
6,0,4,0,89,0,4,140,3,0,19,1,YES
5,0,3,0,88,0,3,59,3,0,8,1,YES
10,0,7,0,124,0,7,236,4,0,33,1,YES
12,0,4,0,89,0,4,212,3,0,29,1,YES
12,0,4,0,89,0,4,221,3,0,30,1,YES
5,0,4,0,89,0,4,138,3,0,22,1,YES
5,0,3,0,88,0,3,79,3,0,12,1,YES
6,0,4,1,89,0,4,82,3,50,11,1,YES
6,0,3,0,88,0,3,142,3,0,9,1,YES
13,0,9,0,94,0,9,391,3,0,31,1,YES
14,12,27,0,117,0,32,577,3,82,111,1,YES
20,1107,64,12,85,0,72,713,2,94,183,1,YES
2,0,13,6,36,0,13,90,3,69,20,1,YES
5,0,14,4,38,0,15,317,3,85,46,1,YES
3,0,8,0,32,0,9,131,3,64,27,1,YES
4,0,7,3,31,0,8,125,3,66,22,1,YES
2,0,7,0,31,0,8,65,3,70,14,1,YES
3,0,9,4,33,0,10,94,3,80,18,1,YES
4,0,8,4,32,0,9,110,3,76,17,1,YES
4,0,6,0,30,0,7,78,3,64,16,1,YES
4,0,7,1,31,0,8,94,3,65,19,1,YES
4,0,7,1,31,0,8,94,3,65,19,1,YES
4,0,8,7,32,0,8,186,3,64,37,1,YES
8,0,9,7,33,0,10,113,3,76,19,1,YES
6,0,7,1,31,0,8,96,3,65,19,1,YES
8,0,6,1,36,0,6,127,4,66,23,1,YES
5,0,12,0,40,0,17,216,3,74,44,1,YES
2,0,7,3,31,0,8,79,3,64,16,1,YES
2,0,2,1,2,0,2,21,1,0,5,2,YES
1,0,20,4,83,0,20,146,2,93,33,1,YES
2,0,21,4,84,0,21,105,2,71,22,1,YES
16,0,6,0,44,0,6,257,3,0,50,1,YES
9,0,6,0,44,0,6,747,3,0,161,1,YES
19,0,7,0,45,0,7,338,3,0,50,1,YES
12,0,6,0,44,0,6,131,3,0,26,1,YES
6,0,6,0,44,0,6,67,3,0,12,1,YES
1,1,2,0,87,0,2,15,3,0,3,1,YES
9,0,13,4,100,0,13,175,4,76,37,1,YES
6,1,1,0,4,0,4,60,1,0,14,1,YES
25,0,1,0,7,0,3,143,2,33,33,1,YES
4,21,7,0,91,0,10,67,2,77,17,1,YES
9,0,2,7,93,0,2,124,3,0,19,1,YES
3,0,2,1,93,0,2,27,3,0,5,1,YES
2,0,3,3,94,0,3,93,3,33,22,1,YES
2,0,2,3,93,0,2,74,3,0,16,1,YES
3,0,2,4,93,0,2,33,3,0,5,1,YES
2,0,2,3,93,0,2,35,3,0,7,1,YES
5,0,2,3,93,0,2,56,3,0,12,1,YES
4,0,2,4,93,0,2,38,3,0,6,1,YES
3,0,2,3,93,0,2,26,3,0,4,1,YES
3,0,2,2,93,0,2,32,3,0,6,1,YES
2,0,2,2,93,0,2,25,3,0,5,1,YES
2,0,3,3,94,0,3,77,3,0,17,1,YES
2,0,2,1,93,0,2,38,3,0,9,1,YES
8,0,2,5,93,0,2,93,3,0,15,1,YES
2,0,2,4,93,0,2,41,3,25,9,1,YES
2,0,2,2,93,0,2,35,3,25,7,1,YES
3,0,2,1,93,0,2,26,3,0,5,1,YES
3,0,2,2,93,0,2,22,3,0,4,1,YES
2,0,2,3,93,0,2,36,3,0,8,1,YES
2,0,2,4,93,0,2,43,3,25,8,1,YES
1,0,7,5,98,0,7,57,3,71,10,1,YES
2,1,29,3,29,0,27,150,1,64,35,2,YES
6,0,26,7,26,0,25,265,1,79,55,2,YES
1,0,25,4,25,0,25,170,1,49,41,2,YES
4,0,12,2,18,0,18,79,1,55,22,1,YES
0,0,9,2,9,0,9,29,1,55,9,1,YES
7,0,2,0,2,0,2,46,2,0,10,1,YES
4,0,3,0,4,0,4,35,2,0,5,1,YES
2,0,2,0,2,0,2,47,2,0,7,1,YES
2,0,2,0,2,0,2,23,2,0,4,1,YES
1,0,3,0,3,0,3,10,2,0,3,1,YES
12,0,8,6,18,0,8,114,2,77,28,1,YES
11,0,4,6,14,0,4,78,2,58,13,1,YES
3,0,4,2,14,0,4,28,2,75,6,1,YES
8,0,4,3,14,0,4,44,2,66,7,1,YES
15,0,5,2,15,0,5,98,2,80,20,1,YES
21,0,6,5,16,0,6,121,2,70,24,1,YES
3,0,7,5,17,0,7,115,2,65,26,1,YES
3,0,4,2,14,0,4,28,2,75,6,1,YES
8,0,5,4,15,0,5,73,2,50,15,1,YES
3,0,18,32,18,11,5,476,1,81,81,3,NO
2,0,7,15,7,0,0,223,1,60,46,2,NO
0,1,2,0,2,0,2,8,2,0,2,1,NO
0,0,2,0,4,0,2,8,3,0,2,1,NO
0,0,1,0,3,1,2,39,1,0,5,1,NO
0,0,0,0,0,0,0,2,1,0,0,1,NO
1,0,5,1,5,0,5,37,2,0,5,1,NO
3,0,5,2,5,0,5,23,1,40,5,2,NO
5,0,2,1,2,0,2,19,1,0,3,2,NO
1,0,7,1,7,0,7,31,1,0,7,2,NO
0,0,17,6,17,1,16,160,2,73,40,1,NO
0,0,0,0,14,0,14,128,1,0,15,1,NO
0,0,7,2,7,0,7,45,1,21,11,2,NO
0,0,4,0,4,0,4,17,2,0,4,2,NO
1,0,4,4,4,0,4,44,2,37,7,1,NO
5,0,0,0,1,0,1,35,1,0,8,1,NO
25,0,22,12,22,3,19,372,1,87,70,2,NO
1,0,5,4,19,0,5,30,2,60,5,1,NO
2,7,14,5,14,0,14,108,1,71,16,1,NO
1,3,6,2,20,0,6,28,2,50,6,1,NO
1,0,5,4,19,0,5,30,2,60,5,1,NO
1,0,6,4,31,0,6,35,4,66,6,1,NO
1,0,3,2,17,0,3,33,2,33,5,1,NO
5,0,42,23,62,1,41,273,3,94,57,1,NO
0,0,0,0,2,0,2,54,1,0,11,1,NO
1,0,6,2,31,0,6,29,4,50,6,1,NO
1,0,14,3,28,0,14,70,2,85,16,1,NO
2,0,5,1,19,0,5,48,2,60,12,1,NO
0,0,3,1,3,1,2,24,1,0,3,1,NO
1,0,5,4,25,0,5,29,3,60,5,1,NO
1,0,4,3,18,0,4,24,2,50,4,1,NO
2,3,5,2,25,0,5,28,3,40,5,1,NO
1,0,10,4,35,0,10,54,4,70,12,1,NO
10,0,42,25,42,0,42,234,1,92,55,1,NO
0,0,26,13,26,0,26,86,1,92,26,1,NO
1,0,1,0,6,0,1,7,2,0,1,1,NO
0,0,0,0,0,0,0,17,1,0,0,1,NO
0,6,5,4,5,0,5,27,1,75,5,1,NO
1,0,1,0,6,0,1,7,2,0,1,1,NO
1,0,1,0,6,0,1,7,2,0,1,1,NO
1,0,1,0,6,0,1,7,2,0,1,1,NO
1,0,1,0,6,0,1,7,2,0,1,1,NO
1,0,1,0,6,0,1,7,2,0,1,1,NO
0,0,1,0,3,1,2,76,1,0,14,1,NO
2,0,9,0,12,0,9,43,2,0,9,1,NO
10,0,37,33,37,6,31,527,1,92,119,1,NO
0,5,3,2,3,0,3,17,1,16,3,1,NO
9,0,24,11,27,3,21,388,2,87,63,1,NO
3,0,8,5,8,1,7,111,1,42,11,1,NO
1,0,13,4,16,0,13,92,2,84,21,1,NO
1,0,5,1,8,0,5,34,2,60,7,1,NO
1,0,11,3,11,0,11,60,1,48,13,1,NO
3,0,15,0,19,0,16,75,2,0,17,1,NO
3,0,12,3,12,0,12,51,1,77,12,1,NO
4,0,30,19,30,8,22,303,1,85,61,1,NO
10,0,26,16,57,15,10,851,4,89,180,1,NO
3,1,15,39,23,2,0,495,2,84,88,1,NO
10,1,8,12,31,0,0,445,3,70,106,1,NO
1,0,12,6,12,0,12,44,1,83,12,1,NO
0,2,8,3,8,0,8,42,1,58,8,1,NO
11,0,20,6,29,12,9,1053,2,82,246,1,NO
0,0,0,0,0,0,0,54,1,0,0,1,NO
2,0,8,4,8,0,8,30,1,75,8,1,NO
1,0,8,4,8,0,8,30,1,75,8,1,NO
1,0,17,8,17,0,17,63,1,87,17,1,NO
1,0,7,3,7,0,7,29,1,57,7,1,NO
0,0,0,0,6,0,6,27,1,0,6,1,NO
0,0,0,0,0,0,0,2,1,0,0,1,NO
0,0,0,0,0,0,0,2,1,0,0,1,NO
0,0,0,0,0,0,0,2,1,0,0,1,NO
0,0,1,0,3,2,1,62,1,0,12,1,NO
0,0,18,5,20,0,19,226,1,46,53,1,NO
0,0,0,7,0,0,0,9,1,0,0,1,NO
0,0,10,6,11,1,6,90,1,64,15,1,NO
2,0,15,18,15,0,10,337,1,72,65,1,NO
1,0,9,9,9,0,9,157,1,71,32,1,NO
6,0,4,15,4,0,4,75,1,73,15,1,NO
3,0,0,0,1,0,1,37,1,0,5,1,NO
4,0,15,7,17,1,0,346,1,73,91,1,NO
0,0,0,6,0,0,0,8,1,0,0,1,NO
8,0,0,0,1,0,1,187,1,0,40,1,NO
0,0,3,3,14,0,0,1197,1,87,196,1,NO
7,0,8,28,9,0,6,251,1,80,37,1,NO
12,0,11,1,24,0,0,245,2,93,49,1,NO
0,0,0,4,0,0,0,6,1,0,0,1,NO
0,0,0,7,0,0,0,9,1,0,0,1,NO
2,0,0,6,0,0,0,8,1,0,0,1,NO
9,0,9,0,20,2,0,478,2,90,70,1,NO
0,0,0,4,0,0,0,6,1,0,0,1,NO
0,0,3,18,3,0,0,62,1,53,5,1,NO
1,0,1,12,1,0,0,22,1,58,1,1,NO
0,0,0,12,0,0,0,14,1,0,0,1,NO
7,2,9,0,9,0,0,12,1,0,0,1,NO
6,1,6,0,6,0,0,9,1,0,0,1,NO
8,1,6,0,6,0,0,10,1,0,0,1,NO
6,1,6,0,6,0,0,9,1,0,0,1,NO
11,0,9,28,9,0,5,308,1,70,65,1,NO
0,0,0,4,0,0,0,6,1,0,0,1,NO
0,0,2,0,2,0,2,9,2,0,2,1,NO
0,0,0,0,4,0,0,112,1,0,6,1,NO
1,0,4,3,6,0,0,91,1,44,20,1,NO
1,0,0,0,1,0,0,54,1,0,8,1,NO
12,0,6,4,12,0,0,262,2,86,47,1,NO
0,0,1,9,1,0,0,20,1,22,1,1,NO
6,0,0,13,0,0,0,15,1,0,0,1,NO
0,0,5,7,5,1,0,174,1,65,20,1,NO
0,0,1,34,1,0,0,38,1,100,1,1,NO
1,0,1,7,1,0,0,11,1,100,1,1,NO
9,2,6,0,14,0,0,244,2,87,54,1,NO
0,0,0,11,0,0,0,13,1,0,0,1,NO
2,0,0,12,0,0,0,14,1,0,0,1,NO
1,0,1,0,15,0,0,16,3,0,4,1,NO
1,0,1,0,15,0,0,11,3,0,4,1,NO
2,0,6,9,9,1,0,284,1,66,64,1,NO
5,0,6,0,12,0,0,17,2,0,6,1,NO
0,0,0,0,3,0,0,26,1,0,6,1,NO
10,0,38,21,40,5,20,995,1,84,222,1,NO
0,0,13,2,13,0,12,41,2,57,14,1,NO
0,0,5,2,5,0,5,53,1,19,10,1,NO
0,0,3,0,3,0,3,13,2,0,3,1,NO
0,0,11,1,11,0,11,45,2,9,11,1,NO
0,0,1,0,10,1,9,81,1,0,17,2,NO
0,0,0,0,2,1,1,205,1,50,28,1,NO
8,0,4,0,20,0,3,16,3,0,4,1,NO
8,0,4,0,20,0,3,16,3,0,4,1,NO
0,2,5,0,8,0,8,24,1,75,9,1,NO
3,0,4,2,15,2,5,92,2,71,17,1,NO
0,2,3,0,4,0,4,20,1,0,4,2,NO
10,0,3,2,7,0,2,41,2,33,12,2,NO
4,0,5,3,9,0,4,31,2,60,7,2,NO
3,6,6,2,16,0,5,31,2,66,8,1,NO
17,0,8,12,8,1,7,175,2,67,44,1,NO
8,0,8,8,9,1,7,73,3,65,14,1,NO
6,4,5,2,6,0,6,33,1,75,9,1,NO
0,0,3,1,9,0,3,19,2,33,3,1,NO
0,0,3,1,9,0,3,34,2,33,5,1,NO
0,0,3,0,9,0,3,11,2,0,3,1,NO
0,0,3,1,9,0,3,16,2,0,3,1,NO
0,1,2,0,2,0,2,6,2,0,2,1,NO
5,0,0,0,7,1,5,76,2,0,22,1,NO
0,0,0,0,3,0,2,18,2,0,4,1,NO
0,0,0,2,0,0,0,4,1,0,0,1,NO
0,2,0,0,1,0,1,15,1,0,2,1,NO
0,0,2,0,4,0,2,9,3,0,2,1,NO
0,0,4,1,6,0,4,25,3,25,6,1,NO
0,0,6,2,7,0,6,26,3,33,8,1,NO
0,2,1,3,1,0,0,13,1,66,2,1,NO
0,0,2,0,3,0,2,12,2,0,3,1,NO
0,0,2,0,3,0,2,12,2,0,3,1,NO
0,2,3,0,3,0,3,12,1,0,3,2,NO
3,0,3,1,6,0,2,15,2,33,4,2,NO
3,0,5,2,8,0,4,21,2,60,5,2,NO
2,0,5,4,5,0,5,52,2,55,15,1,NO
7,0,10,1,20,0,9,43,2,70,12,1,NO
3,0,6,6,8,0,5,79,3,61,22,1,NO
3,3,8,0,10,0,8,28,1,0,7,2,NO
0,9,1,0,1,0,1,3,2,0,1,1,NO
0,0,6,1,7,0,6,21,3,0,6,1,NO
8,0,4,0,20,0,3,16,3,0,4,1,NO
2,0,4,6,4,0,4,20,1,75,4,1,NO
2,3,6,5,6,1,2,34,1,70,7,1,NO
8,0,11,9,17,0,11,126,2,75,27,1,NO
3,0,3,1,9,0,3,29,2,33,6,1,NO
6,0,3,1,9,0,3,55,2,0,13,1,NO
0,0,1,2,1,0,0,8,1,0,1,1,NO
0,0,0,0,0,0,0,3,2,0,0,1,NO
3,0,6,7,32,2,3,184,2,44,39,1,NO
0,1,0,0,0,0,0,16,1,0,0,1,NO
2,0,8,8,10,0,0,69,2,65,11,1,NO
3,0,5,7,31,1,3,118,2,42,29,1,NO
2,0,13,8,13,0,13,93,1,59,25,1,NO
4,2,21,11,25,3,19,185,1,80,40,1,NO
0,0,1,3,1,0,0,9,1,33,1,1,NO
3,2,2,12,3,0,0,96,1,66,8,1,NO
2,2,1,4,1,0,0,17,1,0,3,1,NO
0,2,2,2,2,0,0,19,1,0,2,1,NO
1,2,1,1,1,0,0,6,1,0,1,1,NO
6,0,6,5,9,2,4,138,2,56,15,1,NO
9,2,26,15,32,6,11,514,2,85,68,1,NO
3,0,6,2,7,1,0,64,2,41,14,1,NO
7,0,5,1,7,0,0,97,2,0,8,1,NO
4,0,3,1,36,1,0,101,3,75,22,1,NO
8,0,8,6,41,5,1,384,3,51,79,1,NO
2,0,4,9,4,0,0,37,1,52,4,1,NO
0,0,10,1,10,0,0,59,1,9,15,1,NO
0,2,3,0,3,0,3,12,1,0,3,2,NO
3,0,3,1,6,0,2,16,2,0,4,2,NO
4,0,5,2,8,0,4,30,2,60,7,2,NO
6,0,10,12,12,4,7,160,2,75,44,1,NO
10,0,29,9,39,0,28,202,2,87,47,1,NO
6,0,10,14,13,5,5,198,3,70,43,1,NO
8,0,15,9,18,4,14,231,2,89,49,1,NO
8,0,12,12,13,1,11,154,3,80,35,1,NO
0,0,3,2,5,0,3,17,3,33,3,1,NO
8,0,4,0,20,0,3,16,3,0,4,1,NO
0,2,0,0,1,0,1,11,1,0,1,1,NO
0,2,5,2,6,0,5,55,2,50,8,1,NO
2,0,5,2,11,0,5,37,3,9,9,1,NO
1,0,3,1,9,0,3,19,3,33,5,1,NO
0,2,9,4,14,1,11,137,2,77,24,1,NO
1,0,7,2,21,0,6,32,3,35,8,1,NO
0,0,2,1,16,0,1,10,3,0,2,1,NO
2,0,0,0,1,0,0,19,1,0,7,1,NO
0,0,6,3,14,0,6,67,2,22,16,1,NO
0,0,10,1,14,0,10,33,3,0,10,1,NO
0,2,4,0,4,0,4,17,2,0,4,1,NO
16,0,30,20,34,4,26,349,3,88,88,1,NO
0,0,2,2,2,0,2,32,1,0,5,2,NO
0,0,2,2,2,0,2,35,1,0,5,2,NO
0,0,2,2,2,0,2,53,1,0,9,2,NO
0,0,2,2,2,0,2,32,1,0,5,2,NO
0,0,2,2,2,0,2,37,1,0,5,2,NO
0,0,2,3,3,1,2,71,1,44,14,2,NO
2,0,5,9,6,0,4,87,2,72,21,1,NO
3,0,7,8,9,1,5,98,3,65,25,1,NO
11,0,15,11,16,2,13,139,2,85,37,1,NO
8,0,4,0,20,0,3,16,3,0,4,1,NO
3,0,8,9,10,2,5,116,3,64,33,1,NO
0,0,2,0,4,0,2,7,3,0,2,1,NO
8,0,4,0,20,0,3,16,3,0,4,1,NO
0,0,1,0,1,1,0,10,1,0,1,1,NO
0,0,1,0,3,0,1,6,3,0,1,1,NO
7,0,12,8,12,1,11,119,2,78,35,1,NO
0,4,2,0,2,0,2,9,2,0,2,1,NO
13,0,19,11,20,3,16,187,3,83,44,1,NO
0,0,3,3,3,0,3,16,1,33,3,2,NO
0,0,1,0,19,0,19,164,1,0,37,1,NO
0,0,1,0,19,0,19,218,1,0,37,1,NO
1,0,1,0,5,0,5,23,1,19,6,1,NO
1,0,12,5,12,0,12,76,1,80,17,2,NO
1,0,1,0,7,0,7,35,1,28,9,1,NO
0,0,17,3,17,0,17,137,1,74,28,3,NO
0,0,19,1,19,0,19,174,1,26,39,3,NO
0,0,22,5,22,0,22,174,1,77,37,3,NO
0,0,17,7,17,0,17,235,1,67,47,3,NO
0,0,7,0,7,0,7,24,2,0,7,1,NO
0,0,2,0,2,0,2,13,2,0,3,1,NO
3,0,15,4,15,0,15,106,1,68,27,2,NO
3,0,1,0,5,0,5,122,1,0,25,1,NO
8,0,40,11,40,0,39,299,2,93,71,3,NO
5,1,33,8,33,0,33,188,2,93,44,3,NO
5,0,10,3,74,2,8,113,3,66,25,2,NO
6,0,6,2,70,0,6,54,3,58,10,1,NO
3,0,8,1,72,0,8,57,3,50,12,1,NO
8,1,37,10,37,0,37,224,2,94,53,3,NO
6,2,10,3,74,0,10,69,3,53,15,2,NO
0,0,1,0,1,0,1,5,2,0,1,1,NO
4,0,32,8,32,0,32,164,2,92,38,2,NO
12,0,13,10,77,0,13,229,3,75,48,4,NO
11,0,15,8,79,0,15,158,3,79,29,3,NO
2,0,19,3,83,0,19,93,3,82,23,1,NO
3,0,16,2,80,0,16,142,3,71,32,1,NO
9,0,1,0,42,0,42,631,1,95,159,1,NO
8,1,48,11,48,3,45,296,2,93,69,2,NO
8,0,36,9,36,0,36,220,2,93,51,3,NO
7,3,39,8,39,1,38,233,2,93,56,2,NO
5,0,33,8,33,0,33,178,2,93,43,2,NO
6,2,33,9,33,0,33,215,2,92,51,2,NO
1,0,2,1,2,0,2,11,2,50,2,1,NO
1,0,2,0,2,0,2,27,1,0,8,2,NO
1,0,5,1,38,0,5,24,3,0,6,1,NO
2,6,12,5,13,0,13,66,1,80,15,2,NO
9,0,5,4,76,0,5,60,4,75,11,2,NO
4,0,5,1,76,0,5,31,4,60,5,2,NO
9,0,6,3,77,0,6,81,4,61,13,3,NO
5,3,8,2,79,0,8,37,4,71,7,2,NO
4,0,3,1,82,0,3,28,5,33,5,1,NO
4,0,3,0,82,0,3,28,5,0,5,1,NO
4,0,3,1,82,0,3,28,5,33,5,1,NO
5,0,5,1,76,0,5,46,4,19,8,3,NO
2,0,4,1,68,0,4,22,3,50,5,1,NO
1,6,7,1,71,0,7,28,3,66,7,2,NO
11,0,7,1,7,0,7,123,2,57,18,4,NO
6,0,15,0,16,0,16,159,2,79,34,2,NO
5,25,21,5,86,0,22,111,3,90,27,6,NO
0,0,1,0,1,0,1,5,2,0,1,1,NO
1,0,10,2,10,0,10,39,1,50,11,1,NO
7,0,1,0,16,0,16,226,1,62,54,1,NO
10,0,3,0,20,0,20,111,2,90,27,3,NO
10,0,6,1,6,0,6,96,2,50,14,4,NO
5,0,33,8,33,0,33,185,2,93,44,2,NO
4,0,31,8,31,0,31,162,2,92,39,2,NO
3,0,3,0,6,0,6,45,2,25,12,3,NO
3,0,5,1,5,0,5,41,2,40,8,3,NO
5,0,35,8,35,1,34,193,2,93,46,2,NO
7,0,16,0,17,0,17,157,2,80,33,3,NO
7,0,33,9,33,0,33,188,2,92,44,2,NO
7,0,7,0,46,0,7,54,3,0,12,2,NO
2,0,5,0,38,0,5,25,3,0,5,1,NO
12,0,10,1,84,0,10,95,4,50,20,2,NO
11,0,9,1,48,0,9,80,3,55,17,2,NO
7,0,49,13,49,4,45,370,2,93,86,3,NO
4,0,31,8,31,0,31,159,2,92,38,2,NO
2,0,3,0,67,0,3,14,3,0,3,1,NO
4,0,31,8,31,0,31,163,2,92,39,2,NO
12,0,11,7,75,0,11,140,3,72,27,3,NO
1,0,2,0,4,0,4,40,2,68,6,1,NO
6,0,31,8,31,0,31,208,2,92,48,2,NO
3,0,5,1,53,0,5,33,3,60,7,1,NO
6,0,31,8,31,0,31,193,2,92,45,2,NO
7,0,37,10,37,0,37,200,2,94,47,2,NO
0,0,2,0,2,0,2,15,2,0,4,1,NO
2,0,23,7,23,0,23,122,1,83,31,2,NO
2,0,14,2,14,0,14,76,1,53,21,2,NO
3,0,10,2,43,0,10,46,3,80,10,1,NO
4,0,31,8,31,0,31,162,2,92,39,2,NO
6,0,42,9,42,3,39,231,2,93,57,2,NO
5,0,33,8,33,0,33,178,2,93,43,2,NO
5,0,34,8,34,0,34,189,2,93,44,2,NO
4,0,31,8,31,0,31,158,2,92,37,2,NO
12,0,10,1,84,0,10,95,4,50,20,2,NO
11,0,9,1,48,0,9,80,3,55,17,2,NO
0,0,5,2,5,0,5,19,1,40,5,1,NO
1,0,6,1,6,0,6,12,1,66,6,2,NO
1,0,2,1,2,0,2,8,2,0,2,1,NO
1,0,6,1,6,0,6,14,1,66,7,2,NO
1,0,4,1,4,0,4,10,1,50,4,2,NO
2,0,2,1,2,0,2,8,1,0,2,2,NO
1,0,3,1,3,0,3,11,1,0,3,2,NO
1,0,6,1,6,0,6,14,1,50,6,2,NO
1,0,4,1,4,0,4,10,1,50,4,2,NO
1,0,2,1,2,0,2,8,1,0,2,2,NO
1,0,3,1,3,0,3,10,1,33,3,2,NO
1,0,6,1,6,0,6,21,1,66,6,2,NO
1,0,6,1,6,0,6,21,1,66,6,2,NO
1,0,5,1,5,0,5,11,1,60,5,2,NO
1,0,2,1,2,0,2,8,2,0,2,1,NO
1,0,6,1,6,0,6,18,1,66,7,2,NO
1,0,5,1,5,0,5,29,1,0,8,5,NO
1,0,5,1,5,0,5,30,2,40,7,2,NO
1,0,3,1,3,0,3,12,1,33,4,2,NO
1,0,4,2,4,0,4,32,2,37,5,1,NO
14,0,1,0,34,0,34,343,1,0,127,1,NO
0,0,1,0,1,0,1,5,2,0,1,1,NO
44,0,22,3,32,0,26,484,3,82,114,5,NO
7,0,8,0,93,0,8,123,3,0,23,1,NO
4,0,3,0,88,0,3,76,3,0,12,1,NO
5,0,3,0,88,0,3,78,3,0,12,1,NO
6,0,4,0,89,0,4,119,3,0,16,1,NO
5,0,4,0,89,0,4,110,3,0,16,1,NO
5,0,4,0,89,0,4,116,3,0,16,1,NO
1,0,14,1,77,0,14,62,2,71,15,1,NO
1,0,16,0,102,0,16,61,4,0,16,1,NO
2,0,6,1,16,0,6,41,2,66,11,1,NO
2,0,3,0,88,0,3,19,3,0,3,1,NO
6,0,8,8,8,0,8,74,1,71,15,1,NO
0,0,16,7,16,0,16,61,1,81,16,1,NO
0,0,18,7,18,0,18,91,1,76,23,1,NO
5,0,3,0,88,0,3,69,3,0,10,1,NO
5,0,3,0,88,0,3,64,3,0,11,1,NO
5,0,3,0,88,0,3,59,3,0,8,1,NO
7,0,3,0,88,0,3,67,3,0,10,1,NO
4,0,3,0,88,0,3,56,3,0,7,1,NO
6,0,4,0,89,0,4,91,3,0,15,1,NO
5,0,3,0,88,0,3,77,3,0,15,1,NO
5,0,3,0,88,0,3,80,3,0,10,1,NO
9,0,3,0,88,0,3,156,3,0,25,1,NO
7,0,8,0,93,0,8,163,3,0,29,1,NO
6,0,4,0,89,0,4,102,3,0,16,1,NO
4,0,3,0,88,0,3,75,3,0,8,1,NO
6,0,4,0,89,0,4,120,3,0,17,1,NO
6,0,3,0,88,0,3,88,3,0,14,1,NO
6,0,4,0,89,0,4,72,3,0,10,1,NO
7,0,3,0,88,0,3,75,3,0,9,1,NO
6,0,3,0,88,0,3,65,3,0,10,1,NO
7,0,4,0,89,0,4,83,3,0,11,1,NO
4,0,3,0,88,0,3,79,3,0,13,1,NO
4,0,3,0,88,0,3,80,3,0,13,1,NO
4,0,3,0,88,0,3,66,3,0,10,1,NO
5,0,4,0,89,0,4,84,3,0,13,1,NO
4,0,3,0,88,0,3,93,3,0,11,1,NO
7,0,4,0,89,0,4,66,3,0,10,1,NO
4,0,3,0,88,0,3,64,3,0,10,1,NO
7,0,4,0,89,0,4,51,3,0,8,1,NO
7,0,3,0,88,0,3,69,3,0,11,1,NO
6,0,4,0,89,0,4,83,3,0,11,1,NO
7,0,4,0,89,0,4,143,3,0,27,1,NO
7,0,4,0,89,0,4,63,3,0,9,1,NO
6,0,4,0,89,0,4,103,3,0,15,1,NO
6,0,4,0,89,0,4,112,3,0,17,1,NO
4,0,3,0,88,0,3,65,3,0,9,1,NO
5,0,3,0,88,0,3,76,3,0,11,1,NO
6,0,4,0,89,0,4,102,3,0,17,1,NO
5,0,3,0,88,0,3,72,3,0,13,1,NO
4,0,3,0,88,0,3,65,3,0,11,1,NO
7,0,3,0,88,0,3,86,3,0,10,1,NO
4,0,3,0,88,0,3,66,3,0,10,1,NO
4,0,4,0,89,0,4,138,3,0,29,1,NO
5,0,3,0,88,0,3,81,3,0,12,1,NO
5,0,4,0,89,0,4,81,3,0,12,1,NO
4,0,3,0,88,0,3,69,3,0,11,1,NO
6,0,3,0,88,0,3,82,3,0,10,1,NO
4,0,3,0,88,0,3,68,3,0,11,1,NO
4,0,3,0,88,0,3,68,3,0,11,1,NO
4,0,3,0,88,0,3,94,3,0,14,1,NO
4,0,3,0,88,0,3,62,3,0,10,1,NO
4,0,3,0,88,0,3,95,3,0,15,1,NO
9,0,3,0,88,0,3,90,3,0,13,1,NO
5,0,4,0,89,0,4,88,3,0,14,1,NO
8,0,4,0,89,0,4,115,3,0,17,1,NO
5,0,3,0,88,0,3,106,3,0,17,1,NO
5,0,3,0,88,0,3,84,3,0,15,1,NO
6,0,4,0,89,0,4,105,3,0,17,1,NO
6,0,4,0,89,0,4,101,3,0,17,1,NO
6,0,4,0,89,0,4,119,3,0,20,1,NO
5,0,4,0,89,0,4,110,3,0,21,1,NO
5,0,4,0,89,0,4,84,3,0,13,1,NO
6,0,4,0,89,0,4,107,3,0,15,1,NO
5,0,4,0,89,0,4,85,3,0,13,1,NO
5,0,4,0,89,0,4,92,3,0,14,1,NO
4,0,3,0,88,0,3,64,3,0,10,1,NO
4,0,3,0,88,0,3,67,3,0,11,1,NO
7,0,3,0,88,0,3,98,3,0,17,1,NO
7,0,4,0,89,0,4,97,3,0,13,1,NO
6,0,3,0,88,0,3,80,3,0,12,1,NO
4,0,3,0,88,0,3,75,3,0,10,1,NO
6,0,4,0,89,0,4,130,3,0,16,1,NO
4,0,3,0,88,0,3,66,3,0,9,1,NO
6,0,3,0,88,0,3,117,3,0,16,1,NO
6,0,4,0,89,0,4,103,3,0,18,1,NO
5,0,4,0,89,0,4,99,3,0,16,1,NO
4,0,3,0,88,0,3,69,3,0,10,1,NO
5,0,3,0,88,0,3,78,3,0,12,1,NO
4,0,3,0,88,0,3,68,3,0,12,1,NO
7,0,4,0,89,0,4,112,3,0,14,1,NO
4,0,3,0,88,0,3,57,3,0,8,1,NO
4,0,3,0,88,0,3,71,3,0,11,1,NO
5,0,4,1,89,0,4,88,3,50,13,1,NO
5,0,4,0,89,0,4,153,3,0,19,1,NO
4,0,3,0,88,0,3,59,3,0,9,1,NO
6,0,3,0,88,0,3,69,3,0,10,1,NO
6,0,3,0,88,0,3,81,3,0,13,1,NO
5,0,4,0,89,0,4,94,3,0,14,1,NO
5,0,3,0,88,0,3,56,3,0,7,1,NO
15,0,6,0,91,0,6,249,3,0,31,1,NO
4,0,3,0,88,0,3,77,3,0,12,1,NO
5,0,3,0,88,0,3,68,3,0,10,1,NO
8,0,3,0,88,0,3,80,3,0,12,1,NO
7,0,3,0,88,0,3,84,3,0,14,1,NO
4,0,3,0,88,0,3,62,3,0,10,1,NO
5,0,3,0,88,0,3,67,3,0,9,1,NO
5,0,3,0,88,0,3,64,3,0,10,1,NO
5,0,3,0,88,0,3,55,3,0,8,1,NO
6,0,3,0,88,0,3,69,3,0,10,1,NO
4,0,3,0,88,0,3,69,3,0,12,1,NO
5,0,3,0,88,0,3,78,3,0,11,1,NO
4,0,3,0,88,0,3,92,3,0,11,1,NO
4,0,3,0,88,0,3,60,3,0,9,1,NO
5,0,3,0,88,0,3,61,3,0,9,1,NO
8,0,3,0,88,0,3,83,3,0,12,1,NO
4,0,3,0,88,0,3,58,3,0,8,1,NO
5,0,4,0,89,0,4,74,3,0,10,1,NO
5,0,4,0,89,0,4,108,3,0,17,1,NO
5,0,3,0,88,0,3,67,3,0,10,1,NO
5,0,3,0,88,0,3,88,3,0,12,1,NO
6,0,3,0,88,0,3,66,3,0,10,1,NO
5,0,3,0,88,0,3,63,3,0,9,1,NO
5,0,3,0,88,0,3,86,3,0,11,1,NO
5,0,3,0,88,0,3,80,3,0,10,1,NO
5,0,3,0,88,0,3,66,3,0,9,1,NO
4,0,3,0,88,0,3,78,3,0,10,1,NO
5,0,3,0,88,0,3,71,3,0,10,1,NO
5,0,4,0,89,0,4,84,3,0,14,1,NO
5,0,3,0,88,0,3,76,3,0,12,1,NO
4,0,3,0,88,0,3,64,3,0,11,1,NO
6,0,4,0,89,0,4,84,3,0,11,1,NO
5,0,4,0,89,0,4,90,3,0,14,1,NO
6,0,4,0,89,0,4,93,3,0,13,1,NO
4,0,3,0,88,0,3,87,3,0,13,1,NO
5,0,3,0,88,0,3,81,3,0,12,1,NO
4,0,3,0,88,0,3,67,3,0,11,1,NO
4,0,3,0,88,0,3,67,3,0,11,1,NO
5,0,4,0,89,0,4,80,3,0,11,1,NO
5,0,3,0,88,0,3,66,3,0,10,1,NO
7,0,4,0,89,0,4,79,3,0,10,1,NO
5,0,4,0,89,0,4,85,3,0,13,1,NO
6,0,3,0,88,0,3,61,3,0,9,1,NO
5,0,3,0,88,0,3,80,3,0,12,1,NO
4,0,3,0,88,0,3,64,3,0,10,1,NO
5,0,3,0,88,0,3,82,3,0,12,1,NO
4,0,3,0,88,0,3,78,3,0,14,1,NO
4,0,3,0,88,0,3,54,3,0,7,1,NO
4,0,3,0,88,0,3,62,3,0,9,1,NO
5,0,3,0,88,0,3,54,3,0,7,1,NO
5,0,3,0,88,0,3,57,3,0,8,1,NO
4,0,3,0,88,0,3,68,3,0,11,1,NO
4,0,3,0,88,0,3,75,3,0,12,1,NO
6,0,4,0,89,0,4,84,3,0,11,1,NO
5,0,3,0,88,0,3,74,3,0,11,1,NO
5,0,4,0,89,0,4,95,3,0,15,1,NO
5,0,3,0,88,0,3,55,3,0,9,1,NO
6,0,4,0,89,0,4,81,3,0,12,1,NO
5,0,3,0,88,0,3,57,3,0,8,1,NO
5,0,3,0,88,0,3,68,3,0,10,1,NO
7,0,3,0,88,0,3,91,3,0,15,1,NO
5,0,4,2,89,0,4,114,3,50,16,1,NO
10,0,4,0,89,0,4,179,3,0,23,1,NO
6,0,3,0,88,0,3,56,3,0,7,1,NO
5,0,3,0,88,0,3,72,3,0,11,1,NO
6,0,3,0,88,0,3,80,3,0,12,1,NO
6,0,3,0,88,0,3,84,3,0,13,1,NO
7,0,4,0,89,0,4,119,3,0,17,1,NO
7,0,4,0,89,0,4,176,3,0,27,1,NO
6,0,3,0,88,0,3,116,3,0,13,1,NO
6,0,3,0,88,0,3,64,3,0,10,1,NO
4,0,3,0,88,0,3,61,3,0,8,1,NO
5,0,3,0,88,0,3,61,3,0,8,1,NO
6,0,3,0,88,0,3,64,3,0,10,1,NO
5,0,3,0,88,0,3,65,3,0,9,1,NO
5,0,3,0,88,0,3,74,3,0,12,1,NO
4,0,3,0,88,0,3,52,3,0,8,1,NO
6,0,4,0,89,0,4,115,3,0,12,1,NO
6,0,3,0,88,0,3,98,3,0,15,1,NO
7,0,3,0,88,0,3,74,3,0,12,1,NO
4,0,3,0,88,0,3,70,3,0,10,1,NO
5,0,4,0,89,0,4,94,3,0,15,1,NO
5,0,4,0,89,0,4,100,3,0,15,1,NO
5,0,4,0,89,0,4,97,3,0,15,1,NO
5,0,4,0,89,0,4,91,3,0,14,1,NO
5,0,3,0,88,0,3,62,3,0,11,1,NO
5,0,3,0,88,0,3,60,3,0,9,1,NO
4,0,3,0,88,0,3,74,3,0,11,1,NO
4,0,3,0,88,0,3,89,3,0,15,1,NO
5,0,4,0,89,0,4,102,3,0,17,1,NO
4,0,3,0,88,0,3,59,3,0,8,1,NO
4,0,3,0,88,0,3,62,3,0,9,1,NO
6,0,3,0,88,0,3,80,3,0,12,1,NO
7,0,4,1,89,0,4,135,3,50,23,1,NO
6,0,3,0,88,0,3,69,3,0,11,1,NO
6,0,3,0,88,0,3,80,3,0,12,1,NO
7,0,4,0,89,0,4,98,3,0,16,1,NO
5,0,3,0,88,0,3,80,3,0,12,1,NO
4,0,3,0,88,0,3,72,3,0,12,1,NO
4,0,3,0,88,0,3,64,3,0,9,1,NO
9,0,3,0,88,0,3,68,3,0,9,1,NO
4,0,3,0,88,0,3,54,3,0,8,1,NO
5,0,3,0,88,0,3,71,3,0,11,1,NO
8,0,4,0,89,0,4,90,3,0,13,1,NO
7,0,4,0,89,0,4,109,3,0,15,1,NO
4,0,3,0,88,0,3,62,3,0,9,1,NO
4,0,3,0,88,0,3,50,3,0,7,1,NO
4,0,3,0,88,0,3,60,3,0,9,1,NO
4,0,5,0,90,0,5,104,3,0,18,1,NO
4,0,3,0,88,0,3,56,3,0,7,1,NO
5,0,4,0,89,0,4,93,3,0,15,1,NO
5,0,3,0,88,0,3,69,3,0,12,1,NO
5,0,3,0,88,0,3,71,3,0,10,1,NO
4,0,3,0,88,0,3,51,3,0,7,1,NO
4,0,3,0,88,0,3,69,3,0,10,1,NO
5,0,3,0,88,0,3,62,3,0,8,1,NO
4,0,3,0,88,0,3,57,3,0,7,1,NO
4,0,3,0,88,0,3,69,3,0,10,1,NO
6,0,3,0,88,0,3,63,3,0,9,1,NO
5,0,3,0,88,0,3,58,3,0,7,1,NO
4,0,7,0,92,0,7,142,3,0,18,1,NO
5,0,3,0,88,0,3,97,3,0,13,1,NO
5,0,4,0,89,0,4,86,3,0,13,1,NO
5,0,3,0,88,0,3,55,3,0,7,1,NO
5,0,3,0,88,0,3,67,3,0,12,1,NO
5,0,3,0,88,0,3,66,3,0,8,1,NO
5,0,3,0,88,0,3,70,3,0,11,1,NO
4,0,3,0,88,0,3,97,3,0,16,1,NO
5,0,3,0,88,0,3,71,3,0,11,1,NO
7,0,8,0,93,0,8,143,3,0,22,1,NO
5,0,3,0,88,0,3,70,3,0,9,1,NO
5,0,4,0,89,0,4,89,3,0,13,1,NO
5,0,4,0,89,0,4,75,3,0,11,1,NO
4,0,3,0,88,0,3,100,3,0,15,1,NO
5,0,4,0,89,0,4,98,3,0,14,1,NO
6,0,4,1,89,0,4,93,3,50,15,1,NO
4,0,3,0,88,0,3,65,3,0,10,1,NO
4,0,3,0,88,0,3,58,3,0,9,1,NO
6,0,4,0,89,0,4,124,3,0,17,1,NO
4,0,3,0,88,0,3,65,3,0,11,1,NO
5,0,3,0,88,0,3,65,3,0,10,1,NO
8,0,4,0,89,0,4,110,3,0,13,1,NO
6,0,4,0,89,0,4,92,3,0,13,1,NO
6,0,4,0,89,0,4,91,3,0,14,1,NO
4,0,3,0,88,0,3,83,3,0,11,1,NO
4,0,3,0,88,0,3,60,3,0,9,1,NO
8,0,4,0,89,0,4,101,3,0,14,1,NO
5,0,4,0,89,0,4,113,3,0,17,1,NO
4,0,3,0,88,0,3,86,3,0,14,1,NO
6,0,3,0,88,0,3,88,3,0,12,1,NO
4,0,3,0,88,0,3,67,3,0,9,1,NO
6,0,3,0,88,0,3,76,3,0,11,1,NO
6,0,3,0,88,0,3,62,3,0,9,1,NO
5,0,4,0,89,0,4,94,3,0,12,1,NO
5,0,3,0,88,0,3,73,3,0,10,1,NO
5,0,11,1,96,0,11,472,3,36,81,1,NO
4,0,3,0,88,0,3,65,3,0,10,1,NO
6,0,3,0,88,0,3,63,3,0,9,1,NO
5,0,3,0,88,0,3,74,3,0,11,1,NO
5,0,4,0,89,0,4,82,3,0,12,1,NO
6,0,4,0,89,0,4,85,3,0,13,1,NO
5,0,3,0,88,0,3,65,3,0,9,1,NO
4,0,3,0,88,0,3,72,3,0,12,1,NO
5,0,3,0,88,0,3,93,3,0,11,1,NO
5,0,3,0,88,0,3,76,3,0,11,1,NO
5,0,4,1,89,0,4,96,3,75,12,1,NO
7,0,5,1,90,0,5,203,3,60,36,1,NO
4,0,3,0,88,0,3,63,3,0,8,1,NO
7,0,4,4,89,0,4,185,3,50,21,1,NO
5,0,3,0,88,0,3,65,3,0,9,1,NO
4,0,4,3,89,0,4,133,3,50,21,1,NO
4,0,3,0,88,0,3,52,3,0,7,1,NO
4,0,3,0,88,0,3,53,3,0,7,1,NO
7,0,4,0,89,0,4,114,3,0,18,1,NO
6,0,3,0,88,0,3,74,3,0,12,1,NO
4,0,3,0,88,0,3,62,3,0,10,1,NO
5,0,5,0,90,0,5,118,3,0,16,1,NO
4,0,3,0,88,0,3,52,3,0,8,1,NO
5,0,3,0,88,0,3,66,3,0,11,1,NO
5,0,3,0,88,0,3,63,3,0,10,1,NO
4,0,3,0,88,0,3,74,3,0,13,1,NO
4,0,3,0,88,0,3,65,3,0,10,1,NO
4,0,3,0,88,0,3,79,3,0,13,1,NO
5,0,4,0,89,0,4,139,3,0,17,1,NO
4,0,3,0,88,0,3,57,3,0,9,1,NO
5,0,3,0,88,0,3,75,3,0,13,1,NO
5,0,3,0,88,0,3,65,3,0,11,1,NO
5,0,4,0,89,0,4,90,3,0,15,1,NO
5,0,3,0,88,0,3,71,3,0,11,1,NO
8,0,4,0,89,0,4,78,3,0,12,1,NO
5,0,3,0,88,0,3,53,3,0,7,1,NO
5,0,4,0,89,0,4,143,3,0,27,1,NO
5,0,3,0,88,0,3,65,3,0,9,1,NO
7,0,4,0,89,0,4,92,3,0,14,1,NO
6,0,4,0,89,0,4,98,3,0,15,1,NO
5,0,3,0,88,0,3,78,3,0,13,1,NO
5,0,3,0,88,0,3,75,3,0,14,1,NO
6,0,3,0,88,0,3,61,3,0,9,1,NO
4,0,3,0,88,0,3,67,3,0,11,1,NO
5,0,4,0,89,0,4,121,3,0,15,1,NO
6,0,3,0,88,0,3,71,3,0,10,1,NO
6,0,3,0,88,0,3,73,3,0,9,1,NO
4,0,3,0,88,0,3,58,3,0,9,1,NO
5,0,4,0,89,0,4,83,3,0,13,1,NO
5,0,4,0,89,0,4,96,3,0,14,1,NO
5,0,3,0,88,0,3,72,3,0,10,1,NO
5,0,3,0,88,0,3,207,3,0,27,1,NO
4,0,3,0,88,0,3,175,3,0,22,1,NO
5,0,3,0,88,0,3,90,3,0,13,1,NO
6,0,4,0,89,0,4,93,3,0,14,1,NO
7,0,3,0,88,0,3,86,3,0,13,1,NO
5,0,3,0,88,0,3,72,3,0,12,1,NO
5,0,3,0,88,0,3,58,3,0,8,1,NO
6,0,4,0,89,0,4,85,3,0,14,1,NO
4,0,3,0,88,0,3,58,3,0,9,1,NO
6,0,3,0,88,0,3,73,3,0,9,1,NO
4,0,3,0,88,0,3,53,3,0,7,1,NO
4,0,3,0,88,0,3,54,3,0,7,1,NO
6,0,4,0,89,0,4,91,3,0,13,1,NO
7,0,4,0,89,0,4,84,3,0,12,1,NO
5,0,4,0,89,0,4,112,3,0,12,1,NO
5,0,3,0,88,0,3,59,3,0,8,1,NO
6,0,4,0,89,0,4,99,3,0,13,1,NO
4,0,3,0,88,0,3,61,3,0,9,1,NO
5,0,4,0,89,0,4,92,3,0,13,1,NO
5,0,3,0,88,0,3,70,3,0,11,1,NO
6,0,3,0,88,0,3,70,3,0,10,1,NO
5,0,3,0,88,0,3,66,3,0,11,1,NO
6,0,4,1,89,0,4,77,3,50,11,1,NO
9,0,8,0,93,0,8,154,3,0,25,1,NO
7,0,3,0,88,0,3,120,3,0,18,1,NO
4,0,3,0,88,0,3,72,3,0,11,1,NO
5,0,3,0,88,0,3,69,3,0,10,1,NO
5,0,3,0,88,0,3,64,3,0,8,1,NO
6,0,3,0,88,0,3,66,3,0,8,1,NO
6,0,3,0,88,0,3,49,3,0,8,1,NO
5,0,3,0,88,0,3,71,3,0,9,1,NO
4,0,3,0,88,0,3,59,3,0,8,1,NO
5,0,4,0,89,0,4,119,3,0,19,1,NO
4,0,3,0,88,0,3,76,3,0,10,1,NO
5,0,3,0,88,0,3,69,3,0,9,1,NO
6,0,4,0,89,0,4,93,3,0,12,1,NO
7,0,4,0,89,0,4,96,3,0,13,1,NO
5,0,4,0,89,0,4,113,3,0,17,1,NO
4,0,3,0,88,0,3,58,3,0,9,1,NO
5,0,4,0,89,0,4,76,3,0,11,1,NO
6,0,3,0,88,0,3,71,3,0,10,1,NO
5,0,3,0,88,0,3,98,3,0,14,1,NO
8,0,3,0,88,0,3,100,3,0,16,1,NO
4,0,3,0,88,0,3,76,3,0,12,1,NO
4,0,3,0,88,0,3,73,3,0,12,1,NO
5,0,4,0,89,0,4,91,3,0,12,1,NO
5,0,4,0,89,0,4,102,3,0,14,1,NO
4,0,3,0,88,0,3,66,3,0,11,1,NO
4,0,3,0,88,0,3,69,3,0,10,1,NO
7,0,6,2,91,0,6,133,3,58,19,1,NO
5,0,4,2,89,0,4,107,3,50,13,1,NO
4,0,3,0,88,0,3,67,3,0,8,1,NO
4,0,3,0,88,0,3,61,3,0,9,1,NO
7,0,4,0,89,0,4,85,3,0,12,1,NO
5,0,3,0,88,0,3,74,3,0,11,1,NO
10,0,4,0,89,0,4,135,3,0,17,1,NO
4,0,3,0,88,0,3,61,3,0,9,1,NO
5,0,3,0,88,0,3,70,3,0,10,1,NO
6,0,3,0,88,0,3,121,3,0,19,1,NO
6,0,4,2,89,0,4,90,3,50,14,1,NO
6,0,4,2,89,0,4,88,3,50,14,1,NO
4,0,3,0,88,0,3,63,3,0,11,1,NO
5,0,3,0,88,0,3,68,3,0,11,1,NO
4,0,3,0,88,0,3,63,3,0,9,1,NO
5,0,3,0,88,0,3,60,3,0,8,1,NO
4,0,3,0,88,0,3,58,3,0,9,1,NO
4,0,4,1,89,0,4,92,3,50,16,1,NO
4,0,3,0,88,0,3,71,3,0,11,1,NO
6,0,4,0,89,0,4,100,3,0,14,1,NO
5,0,3,0,88,0,3,68,3,0,11,1,NO
5,0,3,0,88,0,3,63,3,0,9,1,NO
5,0,3,0,88,0,3,58,3,0,8,1,NO
6,0,4,2,89,0,4,84,3,50,11,1,NO
6,0,4,2,89,0,4,121,3,50,11,1,NO
7,0,4,0,89,0,4,89,3,0,11,1,NO
5,0,4,0,89,0,4,100,3,0,15,1,NO
5,0,3,0,88,0,3,69,3,0,11,1,NO
6,0,4,0,89,0,4,97,3,0,16,1,NO
5,0,3,0,88,0,3,59,3,0,9,1,NO
6,0,3,0,88,0,3,67,3,0,10,1,NO
7,0,4,0,89,0,4,106,3,0,16,1,NO
5,0,3,0,88,0,3,55,3,0,8,1,NO
5,0,4,0,89,0,4,94,3,0,13,1,NO
5,0,3,0,88,0,3,70,3,0,11,1,NO
5,0,3,0,88,0,3,62,3,0,9,1,NO
4,0,3,0,88,0,3,73,3,0,13,1,NO
5,0,4,0,89,0,4,92,3,0,12,1,NO
4,0,3,0,88,0,3,63,3,0,10,1,NO
5,0,3,0,88,0,3,63,3,0,8,1,NO
5,0,4,0,89,0,4,77,3,0,11,1,NO
5,0,4,0,89,0,4,78,3,0,10,1,NO
5,0,3,0,88,0,3,76,3,0,12,1,NO
6,0,4,0,89,0,4,103,3,0,15,1,NO
4,0,3,0,88,0,3,56,3,0,7,1,NO
6,0,4,0,89,0,4,86,3,0,12,1,NO
4,0,3,0,88,0,3,62,3,0,10,1,NO
6,0,4,0,89,0,4,102,3,0,14,1,NO
8,0,4,2,89,0,4,100,3,50,15,1,NO
8,0,4,0,89,0,4,88,3,0,13,1,NO
5,0,4,0,89,0,4,98,3,0,15,1,NO
6,0,4,0,89,0,4,115,3,0,19,1,NO
6,0,4,0,89,0,4,90,3,0,12,1,NO
4,0,3,0,88,0,3,66,3,0,11,1,NO
4,0,3,0,88,0,3,75,3,0,13,1,NO
5,0,3,0,88,0,3,83,3,0,12,1,NO
5,0,3,0,88,0,3,65,3,0,10,1,NO
6,0,3,0,88,0,3,70,3,0,11,1,NO
6,0,4,0,89,0,4,91,3,0,12,1,NO
6,0,4,1,89,0,4,90,3,50,13,1,NO
5,0,4,0,89,0,4,92,3,0,13,1,NO
5,0,4,0,89,0,4,87,3,0,13,1,NO
6,0,4,2,89,0,4,139,3,62,22,1,NO
5,0,3,0,88,0,3,59,3,0,6,1,NO
7,0,3,0,88,0,3,64,3,0,9,1,NO
6,0,3,0,88,0,3,69,3,0,10,1,NO
6,0,3,0,88,0,3,71,3,0,11,1,NO
5,0,3,0,88,0,3,63,3,0,9,1,NO
5,0,3,0,88,0,3,59,3,0,9,1,NO
5,0,3,0,88,0,3,93,3,0,13,1,NO
5,0,3,0,88,0,3,58,3,0,8,1,NO
5,0,3,0,88,0,3,82,3,0,13,1,NO
4,0,3,0,88,0,3,76,3,0,13,1,NO
4,0,3,0,88,0,3,79,3,0,12,1,NO
8,0,3,0,88,0,3,101,3,0,19,1,NO
6,0,4,0,89,0,4,117,3,0,20,1,NO
4,0,3,0,88,0,3,71,3,0,11,1,NO
5,0,3,0,88,0,3,76,3,0,12,1,NO
7,0,4,0,89,0,4,94,3,0,13,1,NO
6,0,3,0,88,0,3,61,3,0,9,1,NO
4,0,3,0,88,0,3,77,3,0,12,1,NO
4,0,3,0,88,0,3,70,3,0,11,1,NO
7,0,3,0,88,0,3,89,3,0,14,1,NO
5,0,4,0,89,0,4,92,3,0,12,1,NO
4,0,3,0,88,0,3,70,3,0,10,1,NO
5,0,3,0,88,0,3,85,3,0,13,1,NO
6,0,3,0,88,0,3,64,3,0,9,1,NO
4,0,3,0,88,0,3,54,3,0,8,1,NO
5,0,3,0,88,0,3,64,3,0,9,1,NO
4,0,3,0,88,0,3,60,3,0,9,1,NO
5,0,4,0,89,0,4,73,3,0,11,1,NO
5,0,3,0,88,0,3,64,3,0,10,1,NO
6,0,4,0,89,0,4,79,3,0,12,1,NO
4,0,3,0,88,0,3,72,3,0,11,1,NO
4,0,3,0,88,0,3,77,3,0,12,1,NO
5,0,3,0,88,0,3,69,3,0,10,1,NO
6,0,3,0,88,0,3,88,3,0,13,1,NO
4,0,3,0,88,0,3,53,3,0,8,1,NO
4,0,3,0,88,0,3,52,3,0,8,1,NO
6,0,4,0,89,0,4,81,3,0,10,1,NO
6,0,3,0,88,0,3,77,3,0,13,1,NO
5,0,4,1,89,0,4,91,3,50,16,1,NO
4,0,3,0,88,0,3,71,3,0,12,1,NO
4,0,3,0,88,0,3,70,3,0,12,1,NO
7,0,3,0,88,0,3,64,3,0,9,1,NO
4,0,3,0,88,0,3,76,3,0,12,1,NO
4,0,3,0,88,0,3,136,3,0,14,1,NO
5,0,3,0,88,0,3,95,3,0,13,1,NO
5,0,3,0,88,0,3,129,3,0,21,1,NO
7,0,3,0,88,0,3,82,3,0,14,1,NO
4,0,3,0,88,0,3,78,3,0,13,1,NO
9,0,5,1,90,0,5,362,3,60,34,1,NO
5,0,4,0,89,0,4,92,3,0,14,1,NO
4,0,3,0,88,0,3,59,3,0,7,1,NO
4,0,3,0,88,0,3,63,3,0,8,1,NO
4,0,3,0,88,0,3,58,3,0,9,1,NO
6,0,4,0,89,0,4,96,3,0,13,1,NO
7,0,4,0,89,0,4,82,3,0,12,1,NO
5,0,3,0,88,0,3,62,3,0,8,1,NO
4,0,3,0,88,0,3,62,3,0,9,1,NO
6,0,4,0,89,0,4,94,3,0,14,1,NO
5,0,3,0,88,0,3,63,3,0,10,1,NO
5,0,3,0,88,0,3,63,3,0,9,1,NO
7,0,3,0,88,0,3,72,3,0,11,1,NO
5,0,3,0,88,0,3,66,3,0,10,1,NO
6,0,3,0,88,0,3,68,3,0,10,1,NO
6,0,3,0,88,0,3,103,3,0,15,1,NO
4,0,3,0,88,0,3,58,3,0,8,1,NO
7,0,4,0,89,0,4,67,3,0,10,1,NO
5,0,3,0,88,0,3,73,3,0,10,1,NO
6,0,3,0,88,0,3,72,3,0,12,1,NO
7,0,4,1,89,0,4,115,3,50,19,1,NO
5,0,4,0,89,0,4,128,3,0,17,1,NO
4,0,3,0,88,0,3,66,3,0,11,1,NO
5,0,4,0,89,0,4,91,3,0,14,1,NO
5,0,4,0,89,0,4,79,3,0,11,1,NO
4,0,3,0,88,0,3,60,3,0,9,1,NO
4,0,3,0,88,0,3,66,3,0,8,1,NO
8,0,3,0,88,0,3,100,3,0,14,1,NO
6,0,3,0,88,0,3,72,3,0,11,1,NO
4,0,3,0,88,0,3,61,3,0,10,1,NO
8,0,4,0,89,0,4,101,3,0,15,1,NO
5,0,3,0,88,0,3,55,3,0,7,1,NO
4,0,3,0,88,0,3,65,3,0,11,1,NO
4,0,3,0,88,0,3,65,3,0,10,1,NO
5,0,3,0,88,0,3,83,3,0,12,1,NO
6,0,3,0,88,0,3,70,3,0,9,1,NO
4,0,3,0,88,0,3,60,3,0,10,1,NO
7,0,3,0,88,0,3,96,3,0,13,1,NO
5,0,3,0,88,0,3,56,3,0,8,1,NO
6,0,3,0,88,0,3,60,3,0,7,1,NO
5,0,3,0,88,0,3,61,3,0,10,1,NO
5,0,3,0,88,0,3,63,3,0,10,1,NO
5,0,3,0,88,0,3,83,3,0,14,1,NO
7,0,3,0,88,0,3,74,3,0,11,1,NO
6,0,4,1,89,0,4,85,3,50,13,1,NO
7,0,4,1,89,0,4,113,3,50,19,1,NO
6,0,3,0,88,0,3,76,3,0,11,1,NO
5,0,3,0,88,0,3,74,3,0,12,1,NO
4,0,3,0,88,0,3,78,3,0,13,1,NO
5,0,3,0,88,0,3,71,3,0,11,1,NO
5,0,4,0,89,0,4,133,3,0,22,1,NO
5,0,3,0,88,0,3,70,3,0,11,1,NO
4,0,3,0,88,0,3,67,3,0,10,1,NO
6,0,4,0,89,0,4,97,3,0,13,1,NO
5,0,4,0,89,0,4,96,3,0,14,1,NO
4,0,3,0,88,0,3,66,3,0,10,1,NO
4,0,3,0,88,0,3,65,3,0,11,1,NO
6,0,3,0,88,0,3,84,3,0,13,1,NO
4,0,3,0,88,0,3,64,3,0,11,1,NO
5,0,3,0,88,0,3,66,3,0,10,1,NO
6,0,3,0,88,0,3,70,3,0,11,1,NO
4,0,3,0,88,0,3,61,3,0,9,1,NO
5,0,3,0,88,0,3,71,3,0,11,1,NO
5,0,3,0,88,0,3,62,3,0,9,1,NO
4,0,3,0,88,0,3,115,3,0,16,1,NO
4,0,3,0,88,0,3,66,3,0,8,1,NO
5,0,4,2,89,0,4,94,3,50,15,1,NO
6,0,3,0,88,0,3,67,3,0,11,1,NO
4,0,3,0,88,0,3,78,3,0,13,1,NO
8,0,5,1,90,0,5,88,3,60,13,1,NO
4,0,3,0,88,0,3,83,3,0,13,1,NO
4,0,3,0,88,0,3,83,3,0,13,1,NO
4,0,3,0,88,0,3,66,3,0,9,1,NO
5,0,4,0,89,0,4,81,3,0,12,1,NO
7,0,4,0,89,0,4,148,3,0,26,1,NO
8,0,3,0,88,0,3,83,3,0,10,1,NO
5,0,3,0,88,0,3,103,3,0,16,1,NO
5,0,3,0,88,0,3,77,3,0,13,1,NO
4,0,3,0,88,0,3,75,3,0,10,1,NO
4,0,3,0,88,0,3,90,3,0,13,1,NO
9,0,4,0,89,0,4,103,3,0,16,1,NO
5,0,3,0,88,0,3,60,3,0,9,1,NO
5,0,3,0,88,0,3,73,3,0,11,1,NO
4,0,3,0,88,0,3,76,3,0,11,1,NO
5,0,4,0,89,0,4,108,3,0,17,1,NO
4,0,3,0,88,0,3,72,3,0,10,1,NO
6,0,3,0,88,0,3,75,3,0,11,1,NO
6,0,4,0,89,0,4,94,3,0,14,1,NO
4,0,3,0,88,0,3,66,3,0,11,1,NO
6,0,4,0,89,0,4,86,3,0,11,1,NO
5,0,3,0,88,0,3,58,3,0,7,1,NO
4,0,3,0,88,0,3,62,3,0,9,1,NO
4,0,3,0,88,0,3,75,3,0,10,1,NO
6,0,4,0,89,0,4,103,3,0,15,1,NO
4,0,3,0,88,0,3,61,3,0,9,1,NO
5,0,5,1,90,0,5,100,3,60,12,1,NO
7,0,4,1,89,0,4,109,3,50,16,1,NO
6,0,3,0,88,0,3,71,3,0,8,1,NO
6,0,3,0,88,0,3,67,3,0,9,1,NO
4,0,3,0,88,0,3,78,3,0,12,1,NO
6,0,3,0,88,0,3,84,3,0,13,1,NO
7,0,3,0,88,0,3,102,3,0,15,1,NO
9,0,4,0,89,0,4,88,3,0,15,1,NO
4,0,3,0,88,0,3,73,3,0,11,1,NO
4,0,3,0,88,0,3,86,3,0,13,1,NO
5,0,4,0,89,0,4,159,3,0,20,1,NO
6,0,3,0,88,0,3,82,3,0,12,1,NO
5,0,4,0,89,0,4,109,3,0,12,1,NO
7,0,4,0,89,0,4,102,3,0,11,1,NO
4,0,3,0,88,0,3,92,3,0,13,1,NO
8,0,4,0,89,0,4,97,3,0,13,1,NO
5,0,3,0,88,0,3,57,3,0,8,1,NO
6,0,4,0,89,0,4,103,3,0,15,1,NO
4,0,3,0,88,0,3,59,3,0,9,1,NO
4,0,3,0,88,0,3,60,3,0,8,1,NO
5,0,3,0,88,0,3,69,3,0,11,1,NO
4,0,3,0,88,0,3,82,3,0,13,1,NO
5,0,4,0,89,0,4,76,3,0,12,1,NO
5,0,4,0,89,0,4,100,3,0,16,1,NO
5,0,3,0,88,0,3,69,3,0,11,1,NO
7,0,4,0,89,0,4,93,3,0,14,1,NO
15,0,3,0,88,0,3,77,3,0,12,1,NO
5,0,3,0,88,0,3,93,3,0,17,1,NO
5,0,4,0,89,0,4,95,3,0,13,1,NO
4,0,3,0,88,0,3,86,3,0,13,1,NO
5,0,3,0,88,0,3,82,3,0,12,1,NO
4,0,3,0,88,0,3,81,3,0,13,1,NO
5,0,3,0,88,0,3,81,3,0,13,1,NO
6,0,4,0,89,0,4,81,3,0,11,1,NO
4,0,3,0,88,0,3,65,3,0,10,1,NO
4,0,3,0,88,0,3,79,3,0,14,1,NO
4,0,3,0,88,0,3,73,3,0,12,1,NO
5,0,3,0,88,0,3,67,3,0,9,1,NO
4,0,3,0,88,0,3,58,3,0,8,1,NO
4,0,3,0,88,0,3,54,3,0,7,1,NO
4,0,3,0,88,0,3,71,3,0,11,1,NO
4,0,3,0,88,0,3,65,3,0,9,1,NO
6,0,4,0,89,0,4,95,3,0,12,1,NO
5,0,4,0,89,0,4,78,3,0,12,1,NO
6,0,3,0,88,0,3,76,3,0,12,1,NO
4,0,3,0,88,0,3,74,3,0,12,1,NO
6,0,3,0,88,0,3,65,3,0,10,1,NO
6,0,3,0,88,0,3,75,3,0,11,1,NO
5,0,3,0,88,0,3,67,3,0,11,1,NO
5,0,3,0,88,0,3,73,3,0,11,1,NO
4,0,3,0,88,0,3,64,3,0,10,1,NO
5,0,3,0,88,0,3,64,3,0,9,1,NO
5,0,3,0,88,0,3,63,3,0,9,1,NO
5,0,3,0,88,0,3,70,3,0,11,1,NO
4,0,3,0,88,0,3,60,3,0,9,1,NO
4,0,3,0,88,0,3,77,3,0,8,1,NO
5,0,3,0,88,0,3,61,3,0,7,1,NO
5,0,3,0,88,0,3,58,3,0,7,1,NO
5,0,3,0,88,0,3,69,3,0,11,1,NO
8,0,4,1,89,0,4,80,3,50,11,1,NO
5,0,3,0,88,0,3,78,3,0,12,1,NO
6,0,3,0,88,0,3,72,3,0,10,1,NO
6,0,3,0,88,0,3,111,3,0,16,1,NO
7,0,3,0,88,0,3,109,3,0,16,1,NO
6,0,3,0,88,0,3,78,3,0,11,1,NO
4,0,3,0,88,0,3,108,3,0,20,1,NO
4,0,3,0,88,0,3,64,3,0,10,1,NO
5,0,3,0,88,0,3,59,3,0,8,1,NO
5,0,3,0,88,0,3,58,3,0,9,1,NO
4,0,3,0,88,0,3,53,3,0,7,1,NO
7,0,4,0,89,0,4,85,3,0,12,1,NO
5,0,4,0,89,0,4,73,3,0,11,1,NO
4,0,3,0,88,0,3,82,3,0,11,1,NO
4,0,3,0,88,0,3,73,3,0,11,1,NO
4,0,3,0,88,0,3,79,3,0,12,1,NO
5,0,4,0,89,0,4,91,3,0,13,1,NO
9,0,3,0,88,0,3,105,3,0,16,1,NO
9,0,4,0,89,0,4,111,3,0,15,1,NO
4,0,3,0,88,0,3,82,3,0,13,1,NO
4,0,3,0,88,0,3,79,3,0,11,1,NO
7,0,4,0,89,0,4,93,3,0,15,1,NO
5,0,3,0,88,0,3,64,3,0,11,1,NO
5,0,3,0,88,0,3,74,3,0,11,1,NO
6,0,4,0,89,0,4,79,3,0,12,1,NO
4,0,3,0,88,0,3,63,3,0,10,1,NO
7,0,3,0,88,0,3,89,3,0,14,1,NO
6,0,3,0,88,0,3,142,3,0,27,1,NO
4,0,3,0,88,0,3,85,3,0,11,1,NO
7,0,4,0,89,0,4,141,3,0,17,1,NO
6,0,3,0,88,0,3,80,3,0,13,1,NO
7,0,4,0,89,0,4,96,3,0,13,1,NO
6,0,3,0,88,0,3,61,3,0,8,1,NO
6,0,3,0,88,0,3,54,3,0,7,1,NO
6,0,3,0,88,0,3,58,3,0,8,1,NO
12,0,4,1,89,0,4,131,3,50,22,1,NO
8,0,3,0,88,0,3,90,3,0,14,1,NO
4,0,3,0,88,0,3,66,3,0,10,1,NO
4,0,3,0,88,0,3,70,3,0,11,1,NO
4,0,3,0,88,0,3,59,3,0,9,1,NO
5,0,4,0,89,0,4,73,3,0,11,1,NO
5,0,4,0,89,0,4,88,3,0,13,1,NO
5,0,3,0,88,0,3,126,3,0,19,1,NO
5,0,3,0,88,0,3,57,3,0,8,1,NO
11,0,4,0,89,0,4,207,3,0,33,1,NO
6,0,4,0,89,0,4,82,3,0,11,1,NO
5,0,3,0,88,0,3,59,3,0,8,1,NO
4,0,3,0,88,0,3,76,3,0,12,1,NO
5,0,3,0,88,0,3,61,3,0,9,1,NO
9,0,4,0,89,0,4,122,3,0,17,1,NO
11,0,4,0,89,0,4,130,3,0,18,1,NO
9,0,3,0,88,0,3,105,3,0,16,1,NO
4,0,3,0,88,0,3,58,3,0,8,1,NO
5,0,3,0,88,0,3,98,3,0,15,1,NO
5,0,3,0,88,0,3,58,3,0,9,1,NO
5,0,3,0,88,0,3,62,3,0,10,1,NO
6,0,3,0,88,0,3,69,3,0,11,1,NO
6,0,3,0,88,0,3,116,3,0,17,1,NO
6,0,4,0,89,0,4,121,3,0,17,1,NO
6,0,4,0,89,0,4,118,3,0,16,1,NO
4,0,3,0,88,0,3,63,3,0,10,1,NO
6,0,3,0,88,0,3,126,3,0,18,1,NO
8,0,5,0,90,0,5,100,3,0,15,1,NO
6,0,3,0,88,0,3,85,3,0,14,1,NO
4,0,3,0,88,0,3,66,3,0,10,1,NO
4,0,3,0,88,0,3,64,3,0,9,1,NO
5,0,4,0,89,0,4,94,3,0,14,1,NO
5,0,4,0,89,0,4,81,3,0,11,1,NO
7,0,4,0,89,0,4,93,3,0,11,1,NO
5,0,4,0,89,0,4,82,3,0,14,1,NO
7,0,3,0,88,0,3,86,3,0,15,1,NO
4,0,3,0,88,0,3,63,3,0,10,1,NO
6,0,3,0,88,0,3,61,3,0,9,1,NO
6,0,3,0,88,0,3,71,3,0,10,1,NO
6,0,3,0,88,0,3,71,3,0,11,1,NO
5,0,3,0,88,0,3,65,3,0,10,1,NO
5,0,4,0,89,0,4,86,3,0,13,1,NO
4,0,3,0,88,0,3,57,3,0,8,1,NO
5,0,4,0,89,0,4,91,3,0,14,1,NO
4,0,3,0,88,0,3,70,3,0,12,1,NO
6,0,3,0,88,0,3,73,3,0,11,1,NO
6,0,4,0,89,0,4,74,3,0,11,1,NO
5,0,3,0,88,0,3,75,3,0,12,1,NO
8,0,3,0,88,0,3,85,3,0,11,1,NO
6,0,3,0,88,0,3,82,3,0,13,1,NO
5,0,4,2,89,0,4,89,3,50,12,1,NO
5,0,4,2,89,0,4,107,3,50,14,1,NO
5,0,4,2,89,0,4,110,3,50,17,1,NO
6,0,4,2,89,0,4,107,3,50,14,1,NO
6,0,4,2,89,0,4,83,3,50,12,1,NO
10,0,3,0,88,0,3,92,3,0,14,1,NO
4,0,3,0,88,0,3,84,3,0,13,1,NO
7,0,3,0,88,0,3,103,3,0,16,1,NO
8,0,4,0,89,0,4,101,3,0,15,1,NO
6,0,4,0,89,0,4,111,3,0,17,1,NO
5,0,4,0,89,0,4,87,3,0,12,1,NO
4,0,3,0,88,0,3,69,3,0,12,1,NO
4,0,3,0,88,0,3,59,3,0,10,1,NO
6,0,4,0,89,0,4,129,3,0,19,1,NO
4,0,3,0,88,0,3,67,3,0,10,1,NO
5,0,4,0,89,0,4,82,3,0,12,1,NO
5,0,3,0,88,0,3,69,3,0,10,1,NO
5,0,3,0,88,0,3,60,3,0,9,1,NO
6,0,3,0,88,0,3,67,3,0,10,1,NO
5,0,4,0,89,0,4,85,3,0,13,1,NO
5,0,4,0,89,0,4,92,3,0,13,1,NO
5,0,3,0,88,0,3,68,3,0,9,1,NO
4,0,3,0,88,0,3,84,3,0,13,1,NO
4,0,3,0,88,0,3,79,3,0,10,1,NO
5,0,4,0,89,0,4,92,3,0,15,1,NO
6,0,3,0,88,0,3,115,3,0,18,1,NO
6,0,3,0,89,0,4,79,3,50,12,1,NO
4,0,3,0,88,0,3,56,3,0,9,1,NO
6,0,3,0,88,0,3,53,3,0,8,1,NO
4,0,3,0,88,0,3,59,3,0,9,1,NO
5,0,3,0,88,0,3,69,3,0,11,1,NO
5,0,3,0,88,0,3,58,3,0,8,1,NO
4,0,3,0,88,0,3,73,3,0,13,1,NO
6,0,3,0,88,0,3,125,3,0,20,1,NO
8,0,3,0,88,0,3,101,3,0,17,1,NO
7,0,4,0,89,0,4,220,3,0,35,1,NO
5,0,3,0,88,0,3,72,3,0,10,1,NO
4,0,3,0,88,0,3,70,3,0,11,1,NO
9,0,4,0,89,0,4,156,3,0,23,1,NO
5,0,3,0,88,0,3,61,3,0,9,1,NO
6,0,3,0,88,0,3,77,3,0,14,1,NO
8,0,5,0,124,0,5,219,4,0,47,1,NO
8,0,5,0,124,0,5,219,4,0,47,1,NO
8,0,5,0,124,0,5,219,4,0,47,1,NO
7,0,4,1,123,0,4,201,4,50,43,1,NO
9,0,5,0,124,0,5,231,4,0,47,1,NO
8,0,5,0,124,0,5,219,4,0,47,1,NO
8,0,5,0,124,0,5,220,4,0,47,1,NO
8,0,5,0,124,0,5,223,4,0,47,1,NO
5,0,4,1,123,0,4,148,4,75,18,1,NO
14,0,7,0,126,0,7,220,4,0,34,1,NO
8,0,5,0,124,0,5,219,4,0,47,1,NO
9,0,7,0,126,0,7,393,4,0,65,1,NO
10,0,5,0,122,0,5,175,4,0,22,1,NO
10,0,7,0,124,0,7,228,4,0,33,1,NO
9,0,5,0,122,0,5,175,4,0,22,1,NO
9,0,4,0,121,0,4,154,4,0,19,1,NO
8,0,4,0,121,0,4,148,4,0,18,1,NO
8,0,4,0,121,0,4,148,4,0,18,1,NO
9,0,4,0,121,0,4,154,4,0,19,1,NO
8,0,4,0,121,0,4,152,4,0,18,1,NO
8,0,4,0,121,0,4,150,4,0,18,1,NO
10,0,5,0,122,0,5,160,4,0,20,1,NO
10,0,6,0,123,0,6,203,4,0,29,1,NO
7,0,3,0,88,0,3,71,3,0,8,1,NO
6,0,3,0,88,0,3,61,3,0,7,1,NO
5,0,3,0,88,0,3,56,3,0,7,1,NO
6,0,3,0,88,0,3,85,3,0,12,1,NO
10,0,5,1,124,0,5,102,4,60,16,1,NO
4,0,3,0,88,0,3,62,3,0,10,1,NO
5,0,4,0,89,0,4,103,3,0,16,1,NO
6,0,3,0,88,0,3,59,3,0,8,1,NO
8,0,4,5,89,0,4,203,3,55,32,1,NO
6,0,3,0,88,0,3,67,3,0,10,1,NO
8,0,5,2,90,0,5,91,3,60,15,1,NO
9,0,3,0,88,0,3,101,3,0,16,1,NO
5,0,3,0,88,0,3,70,3,0,11,1,NO
6,0,3,0,88,0,3,91,3,0,13,1,NO
6,0,3,0,88,0,3,93,3,0,14,1,NO
6,0,3,0,88,0,3,93,3,0,14,1,NO
6,0,3,0,88,0,3,67,3,0,10,1,NO
6,0,4,0,89,0,4,121,3,0,20,1,NO
7,0,3,0,88,0,3,65,3,0,9,1,NO
4,0,3,0,88,0,3,75,3,0,12,1,NO
8,0,3,0,88,0,3,70,3,0,12,1,NO
5,0,3,0,88,0,3,91,3,0,12,1,NO
4,0,3,0,88,0,3,99,3,0,15,1,NO
8,0,3,0,88,0,3,84,3,0,12,1,NO
4,0,3,0,88,0,3,59,3,0,9,1,NO
6,0,3,0,88,0,3,86,3,0,13,1,NO
4,0,3,0,88,0,3,89,3,0,13,1,NO
4,0,3,0,88,0,3,92,3,0,14,1,NO
5,0,3,0,88,0,3,63,3,0,9,1,NO
5,0,3,0,88,0,3,77,3,0,10,1,NO
4,0,3,0,88,0,3,69,3,0,11,1,NO
4,0,3,0,88,0,3,60,3,0,10,1,NO
7,0,4,0,89,0,4,132,3,0,24,1,NO
5,0,4,2,89,0,4,107,3,50,16,1,NO
5,0,3,0,88,0,3,58,3,0,8,1,NO
7,0,3,0,88,0,3,74,3,0,12,1,NO
5,0,3,0,88,0,3,99,3,0,15,1,NO
5,0,3,0,88,0,3,77,3,0,11,1,NO
6,0,4,0,89,0,4,119,3,0,22,1,NO
5,0,3,0,88,0,3,59,3,0,9,1,NO
6,0,4,0,89,0,4,120,3,0,22,1,NO
5,0,3,0,88,0,3,72,3,0,10,1,NO
6,0,3,0,88,0,3,61,3,0,10,1,NO
6,0,3,0,88,0,3,73,3,0,12,1,NO
4,0,3,0,88,0,3,66,3,0,11,1,NO
5,0,3,0,88,0,3,68,3,0,10,1,NO
5,0,3,0,88,0,3,67,3,0,10,1,NO
4,0,3,0,88,0,3,83,3,0,13,1,NO
5,0,3,0,88,0,3,79,3,0,11,1,NO
4,0,3,0,88,0,3,71,3,0,10,1,NO
9,0,3,0,88,0,3,95,3,0,13,1,NO
10,0,4,0,89,0,4,319,3,0,50,1,NO
5,0,4,0,89,0,4,102,3,0,15,1,NO
8,0,4,0,89,0,4,133,3,0,18,1,NO
5,0,3,0,88,0,3,84,3,0,13,1,NO
6,0,4,0,89,0,4,128,3,0,17,1,NO
4,0,3,0,88,0,3,85,3,0,14,1,NO
4,0,3,0,88,0,3,99,3,0,16,1,NO
4,0,3,0,88,0,3,74,3,0,12,1,NO
6,0,4,0,89,0,4,111,3,0,17,1,NO
6,0,3,0,88,0,3,63,3,0,9,1,NO
4,0,3,0,88,0,3,68,3,0,11,1,NO
4,0,3,0,88,0,3,89,3,0,14,1,NO
12,0,4,0,89,0,4,143,3,0,23,1,NO
4,0,4,0,89,0,4,104,3,0,16,1,NO
4,0,3,0,88,0,3,68,3,0,11,1,NO
5,0,3,0,88,0,3,61,3,0,9,1,NO
4,0,3,0,88,0,3,60,3,0,10,1,NO
5,0,3,0,88,0,3,64,3,0,8,1,NO
5,0,3,0,88,0,3,62,3,0,7,1,NO
4,0,3,0,88,0,3,64,3,0,10,1,NO
6,0,3,0,88,0,3,59,3,0,8,1,NO
4,0,3,0,88,0,3,70,3,0,12,1,NO
4,0,3,0,88,0,3,80,3,0,15,1,NO
4,0,3,0,88,0,3,93,3,0,14,1,NO
6,0,3,0,88,0,3,48,3,0,8,1,NO
5,0,3,0,88,0,3,69,3,0,10,1,NO
4,0,3,0,88,0,3,52,3,0,7,1,NO
8,0,4,3,89,0,4,119,3,50,18,1,NO
5,0,4,0,89,0,4,84,3,0,13,1,NO
4,0,3,0,88,0,3,89,3,0,13,1,NO
6,0,4,0,89,0,4,86,3,0,13,1,NO
4,0,3,0,88,0,3,69,3,0,11,1,NO
4,0,3,0,88,0,3,68,3,0,11,1,NO
4,0,3,0,88,0,3,75,3,0,12,1,NO
5,0,3,0,88,0,3,65,3,0,10,1,NO
4,0,3,0,88,0,3,95,3,0,15,1,NO
4,0,3,0,88,0,3,91,3,0,15,1,NO
6,0,3,0,88,0,3,96,3,0,15,1,NO
5,0,3,0,88,0,3,72,3,0,11,1,NO
5,0,3,0,88,0,3,71,3,0,13,1,NO
6,0,3,0,88,0,3,95,3,0,12,1,NO
6,0,3,0,88,0,3,76,3,0,12,1,NO
7,0,3,0,88,0,3,75,3,0,8,1,NO
6,0,5,1,90,0,5,100,3,60,13,1,NO
4,0,3,0,88,0,3,87,3,0,14,1,NO
4,0,3,0,88,0,3,75,3,0,12,1,NO
4,0,6,0,91,0,6,112,3,0,20,1,NO
5,0,3,0,88,0,3,59,3,0,9,1,NO
5,0,3,0,88,0,3,90,3,0,14,1,NO
6,0,4,0,89,0,4,93,3,0,12,1,NO
5,0,3,0,88,0,3,77,3,0,12,1,NO
6,0,3,0,88,0,3,62,3,0,9,1,NO
4,0,3,0,88,0,3,61,3,0,9,1,NO
4,0,3,0,88,0,3,59,3,0,9,1,NO
4,0,3,0,88,0,3,59,3,0,9,1,NO
7,0,3,0,88,0,3,90,3,0,15,1,NO
5,0,3,0,88,0,3,78,3,0,13,1,NO
14,13,31,0,119,0,34,808,3,95,204,1,NO
2,0,13,7,36,0,13,90,3,71,19,1,NO
6,0,13,5,36,0,13,99,3,73,21,1,NO
2,0,7,0,31,0,8,65,3,70,14,1,NO
5,0,6,3,30,0,7,84,3,69,16,1,NO
4,0,7,3,31,0,8,104,3,72,19,1,NO
5,0,6,2,30,0,7,102,3,74,20,1,NO
3,0,7,0,31,0,8,95,3,70,18,1,NO
6,0,7,1,31,0,8,94,3,59,19,1,NO
2,0,7,0,31,0,8,65,3,70,14,1,NO
3,0,7,0,31,0,8,99,3,69,18,1,NO
4,0,11,0,35,0,12,193,3,73,38,1,NO
5,0,8,3,32,0,9,143,3,75,29,1,NO
4,0,11,0,35,0,12,193,3,73,38,1,NO
3,0,7,2,31,0,8,102,3,72,16,1,NO
5,0,6,0,30,0,7,85,3,61,15,1,NO
2,0,7,0,31,0,8,65,3,70,14,1,NO
2,0,9,0,33,0,10,77,3,77,17,1,NO
2,0,7,3,31,0,8,163,3,64,30,1,NO
2,0,9,3,33,0,10,171,3,71,32,1,NO
3,0,8,4,32,0,9,104,3,76,16,1,NO
3,0,8,0,32,0,9,132,3,74,25,1,NO
6,0,6,0,30,0,7,66,3,66,13,1,NO
3,0,8,4,32,0,9,89,3,74,17,1,NO
7,0,6,1,30,0,7,87,3,68,17,1,NO
5,0,7,0,31,0,8,69,3,70,14,1,NO
2,0,8,0,32,0,9,250,3,74,60,1,NO
5,0,7,0,31,0,8,69,3,70,14,1,NO
5,0,7,0,31,0,8,70,3,70,14,1,NO
8,0,7,0,31,0,8,92,3,70,18,1,NO
3,0,8,0,32,0,9,264,3,74,63,1,NO
2,0,7,0,31,0,8,65,3,70,13,1,NO
2,0,8,0,32,0,9,261,3,74,61,1,NO
3,0,8,0,32,0,9,259,3,74,61,1,NO
6,0,7,0,31,0,8,75,3,70,14,1,NO
6,0,7,0,31,0,8,75,3,70,14,1,NO
5,0,7,2,31,0,8,87,3,72,16,1,NO
2,0,6,0,30,0,7,67,3,66,13,1,NO
3,0,6,0,30,0,7,106,3,71,19,1,NO
4,0,8,8,32,0,9,142,3,74,21,1,NO
4,0,7,2,31,0,8,83,3,72,15,1,NO
2,1,6,0,30,0,7,62,3,66,13,1,NO
4,0,7,1,31,0,8,86,3,59,17,1,NO
6,0,8,2,32,0,9,96,3,60,18,1,NO
3,0,6,3,30,0,7,66,3,69,12,1,NO
2,0,13,17,37,0,14,245,3,85,40,1,NO
5,0,6,1,30,0,7,87,3,68,17,1,NO
8,0,7,6,31,0,8,126,3,71,22,1,NO
6,0,6,0,30,0,7,75,3,71,14,1,NO
2,0,13,4,37,0,9,217,3,77,41,1,NO
9,0,7,5,31,0,8,118,3,71,21,1,NO
6,0,6,1,30,0,7,88,3,64,17,1,NO
6,0,8,1,32,0,9,72,3,73,14,1,NO
4,0,11,3,35,0,12,303,3,83,61,1,NO
4,0,11,3,35,0,12,303,3,83,61,1,NO
4,0,11,3,35,0,12,303,3,83,61,1,NO
4,0,11,3,35,0,12,303,3,83,61,1,NO
3,0,8,9,32,0,9,143,3,70,26,1,NO
4,0,6,1,30,0,7,85,3,68,17,1,NO
5,0,6,0,30,0,7,70,3,57,13,1,NO
4,0,6,0,30,0,7,66,3,54,13,1,NO
2,0,7,1,31,0,8,67,3,68,14,1,NO
2,0,6,0,30,0,7,57,3,61,12,1,NO
3,0,6,1,30,0,7,61,3,64,12,1,NO
5,0,9,1,33,0,10,108,3,57,22,1,NO
4,0,7,1,31,0,8,83,3,71,17,1,NO
4,0,6,1,30,0,7,81,3,64,16,1,NO
2,0,13,6,36,0,13,90,3,67,20,1,NO
3,0,13,7,36,0,13,98,3,70,20,1,NO
3,83,10,1,23,0,10,50,2,80,10,1,NO
6,0,2,0,20,0,2,29,3,0,7,1,NO
6,0,2,0,20,0,2,29,3,0,7,1,NO
6,0,2,0,20,0,2,43,3,0,8,1,NO
6,0,2,0,20,0,2,67,3,0,10,1,NO
6,0,2,0,20,0,2,29,3,0,7,1,NO
6,0,2,0,20,0,2,54,3,0,8,1,NO
4,6,5,0,18,0,5,30,2,0,6,1,NO
3,0,7,0,45,0,7,29,3,0,7,1,NO
0,0,15,7,15,0,15,60,1,80,15,1,NO
8,0,1,0,3,0,3,67,1,0,13,1,NO
1,0,5,2,5,0,5,21,1,40,5,2,NO
11,0,1,0,10,0,10,173,1,0,43,1,NO
1,0,6,2,6,0,6,24,1,50,6,2,NO
1,0,2,0,19,0,2,8,3,0,2,1,NO
1,0,2,0,19,0,2,8,3,0,2,1,NO
1,0,2,0,19,0,2,8,3,0,2,1,NO
1,0,2,0,19,0,2,8,3,0,2,1,NO
1,0,2,0,19,0,2,8,3,0,2,1,NO
1,0,3,0,20,0,3,14,3,0,3,1,NO
1,0,2,0,19,0,2,8,3,0,2,1,NO
2,7,4,0,17,0,4,20,2,0,4,1,NO
2,0,7,1,129,0,7,50,3,42,9,1,NO
1,0,14,1,77,0,14,62,2,71,15,1,NO
1,0,8,2,71,0,8,47,2,37,9,1,NO
1,0,10,3,73,0,10,56,2,50,11,1,NO
1,0,14,1,77,0,14,62,2,71,15,1,NO
1,0,21,1,84,0,21,90,2,80,22,1,NO
1,0,14,1,77,0,14,62,2,71,15,1,NO
1,0,14,1,77,0,14,66,2,64,15,1,NO
0,0,9,2,72,0,9,30,2,61,9,1,NO
2,0,14,1,77,0,14,62,2,71,15,1,NO
1,0,19,4,82,0,19,87,2,78,20,1,NO
2,0,14,1,77,0,14,70,2,64,18,1,NO
2,0,21,3,84,0,21,100,2,74,22,1,NO
2,0,24,6,87,0,24,114,2,82,25,1,NO
1,0,16,2,79,0,16,71,2,68,17,1,NO
3,0,2,0,18,0,2,28,3,0,6,1,NO
3,0,2,0,18,0,2,42,3,0,8,1,NO
3,0,2,0,18,0,2,71,3,0,15,1,NO
4,0,2,0,18,0,2,87,3,0,20,1,NO
2,0,2,0,18,0,2,43,3,0,11,1,NO
2,0,2,0,18,0,2,41,3,0,10,1,NO
5,0,2,0,18,0,2,51,3,0,11,1,NO
4,0,2,1,18,0,2,43,3,50,9,1,NO
3,0,2,0,18,0,2,96,3,0,22,1,NO
4,0,2,0,18,0,2,35,3,0,7,1,NO
3,0,2,0,18,0,2,28,3,0,6,1,NO
2,0,2,0,18,0,2,44,3,0,11,1,NO
4,0,2,0,18,0,2,38,3,0,9,1,NO
4,13,3,0,16,0,3,11,2,100,2,1,NO
16,0,6,1,44,0,6,162,3,83,30,1,NO
12,0,6,0,44,0,6,175,3,0,32,1,NO
12,0,6,0,44,0,6,121,3,0,20,1,NO
14,0,11,2,49,0,11,227,3,72,42,1,NO
12,0,6,0,44,0,6,170,3,0,32,1,NO
10,0,6,0,44,0,6,107,3,0,18,1,NO
12,0,6,0,44,0,6,117,3,0,25,1,NO
8,0,7,0,45,0,7,106,3,0,18,1,NO
12,0,6,0,44,0,6,126,3,0,21,1,NO
9,0,6,0,44,0,6,127,3,0,21,1,NO
14,0,6,0,44,0,6,91,3,0,16,1,NO
11,0,6,0,44,0,6,108,3,0,21,1,NO
11,0,6,0,44,0,6,83,3,0,16,1,NO
8,0,6,0,44,0,6,178,3,0,36,1,NO
6,0,6,0,44,0,6,105,3,0,13,1,NO
6,0,6,0,44,0,6,93,3,0,13,1,NO
6,0,6,0,44,0,6,93,3,0,13,1,NO
6,0,6,0,44,0,6,93,3,0,13,1,NO
11,0,6,0,44,0,6,143,3,0,25,1,NO
13,0,6,0,44,0,6,191,3,0,34,1,NO
13,0,6,0,44,0,6,191,3,0,34,1,NO
13,0,6,0,44,0,6,155,3,0,26,1,NO
12,0,6,0,44,0,6,196,3,0,32,1,NO
6,0,6,0,44,0,6,74,3,0,14,1,NO
10,0,6,0,44,0,6,105,3,0,18,1,NO
10,0,6,0,44,0,6,79,3,0,15,1,NO
8,0,7,0,45,0,7,99,3,0,20,1,NO
7,0,7,0,45,0,7,105,3,0,19,1,NO
10,0,6,0,44,0,6,86,3,0,17,1,NO
12,0,6,0,44,0,6,92,3,0,16,1,NO
10,0,6,0,44,0,6,103,3,0,21,1,NO
8,0,6,0,44,0,6,126,3,0,23,1,NO
8,0,6,0,44,0,6,136,3,0,23,1,NO
6,0,7,0,45,0,7,73,3,0,15,1,NO
3,0,6,0,44,0,6,45,3,0,10,1,NO
3,0,6,0,44,0,6,44,3,0,10,1,NO
3,0,6,0,44,0,6,44,3,0,10,1,NO
3,0,6,0,44,0,6,44,3,0,10,1,NO
3,0,6,0,44,0,6,44,3,0,10,1,NO
3,0,6,0,44,0,6,44,3,0,10,1,NO
3,0,6,0,44,0,6,44,3,0,10,1,NO
3,0,6,0,44,0,6,44,3,0,10,1,NO
4,0,6,0,44,0,6,53,3,0,11,1,NO
3,0,6,0,44,0,6,49,3,0,10,1,NO
3,0,6,0,44,0,6,54,3,0,10,1,NO
3,0,6,0,44,0,6,48,3,0,10,1,NO
5,0,6,1,44,0,6,75,3,66,16,1,NO
4,0,6,0,44,0,6,53,3,0,11,1,NO
4,0,6,0,44,0,6,50,3,0,11,1,NO
7,0,7,0,45,0,7,93,3,0,17,1,NO
11,0,7,0,45,0,7,135,3,0,27,1,NO
9,0,6,0,44,0,6,89,3,0,17,1,NO
11,0,6,0,44,0,6,135,3,0,31,1,NO
10,0,6,0,44,0,6,114,3,0,22,1,NO
4,0,6,0,44,0,6,51,3,0,10,1,NO
13,0,6,0,44,0,6,169,3,0,32,1,NO
11,0,6,0,44,0,6,124,3,0,23,1,NO
4,0,6,0,44,0,6,53,3,0,12,1,NO
12,0,6,0,44,0,6,208,3,0,39,1,NO
10,0,6,0,44,0,6,79,3,0,15,1,NO
15,0,6,0,44,0,6,175,3,0,34,1,NO
10,0,7,0,45,0,7,241,3,0,46,1,NO
7,0,7,0,45,0,7,92,3,0,17,1,NO
13,0,6,0,44,0,6,175,3,0,37,1,NO
11,0,6,1,44,0,6,120,3,66,23,1,NO
13,0,6,0,44,0,6,108,3,0,23,1,NO
6,0,6,0,44,0,6,91,3,0,16,1,NO
13,0,6,0,44,0,6,179,3,0,37,1,NO
10,0,6,0,44,0,6,77,3,0,15,1,NO
13,0,6,0,44,0,6,232,3,0,52,1,NO
6,0,6,0,44,0,6,104,3,0,19,1,NO
12,0,6,0,44,0,6,177,3,0,34,1,NO
11,0,6,0,44,0,6,158,3,0,33,1,NO
14,0,6,0,44,0,6,130,3,0,27,1,NO
10,0,6,0,44,0,6,90,3,0,16,1,NO
8,0,6,0,44,0,6,91,3,0,17,1,NO
13,0,6,0,44,0,6,133,3,0,25,1,NO
6,0,6,0,44,0,6,81,3,0,14,1,NO
7,0,12,0,50,0,12,394,3,0,80,1,NO
7,0,6,0,44,0,6,185,3,0,37,1,NO
7,0,6,0,44,0,6,177,3,0,37,1,NO
10,0,6,0,44,0,6,79,3,0,15,1,NO
11,0,6,0,44,0,6,105,3,0,18,1,NO
5,0,5,0,43,0,5,68,3,0,15,1,NO
12,0,6,0,44,0,6,201,3,0,41,1,NO
13,0,6,0,44,0,6,204,3,0,40,1,NO
13,0,6,0,44,0,6,207,3,0,41,1,NO
13,0,6,0,44,0,6,200,3,0,41,1,NO
17,0,9,0,47,0,9,245,3,0,46,1,NO
14,0,6,0,44,0,6,221,3,0,43,1,NO
19,0,6,0,44,0,6,238,3,0,45,1,NO
16,0,6,0,44,0,6,181,3,0,33,1,NO
19,0,6,0,44,0,6,236,3,0,44,1,NO
15,0,6,0,44,0,6,206,3,0,39,1,NO
16,0,6,0,44,0,6,214,3,0,40,1,NO
16,0,6,0,44,0,6,181,3,0,33,1,NO
19,0,6,0,44,0,6,236,3,0,44,1,NO
19,0,6,0,44,0,6,232,3,0,43,1,NO
19,0,6,0,44,0,6,232,3,0,43,1,NO
19,0,6,0,44,0,6,232,3,0,43,1,NO
19,0,6,0,44,0,6,232,3,0,43,1,NO
19,0,7,0,45,0,7,280,3,0,41,1,NO
19,0,7,0,45,0,7,277,3,0,40,1,NO
10,0,6,0,44,0,6,100,3,0,18,1,NO
8,0,6,0,44,0,6,239,3,0,52,1,NO
13,0,6,0,44,0,6,108,3,0,21,1,NO
10,0,6,0,44,0,6,111,3,0,19,1,NO
5,0,6,0,44,0,6,54,3,0,11,1,NO
6,0,8,0,47,2,7,187,3,0,27,1,NO
6,0,7,0,45,0,7,65,3,0,11,1,NO
10,0,6,0,44,0,6,86,3,0,16,1,NO
12,0,6,0,44,0,6,102,3,0,19,1,NO
7,119,24,5,38,0,25,178,2,88,41,1,NO
5,0,1,0,28,0,28,163,1,86,40,1,NO
3,0,29,7,29,0,29,336,1,68,67,2,NO
1,0,2,0,31,0,2,20,2,0,4,2,NO
1,0,25,2,25,0,25,107,1,34,32,2,NO
2,0,25,2,25,0,25,104,1,68,31,2,NO
2,0,26,2,26,0,26,105,1,73,32,2,NO
16,0,1,0,36,0,36,166,1,0,46,2,NO
10,0,1,0,19,0,19,85,1,0,28,2,NO
16,0,1,0,37,0,37,214,1,0,54,2,NO
10,0,1,0,23,0,23,76,1,0,25,2,NO
16,0,1,0,36,0,36,133,1,0,41,2,NO
16,0,1,0,36,0,36,116,1,0,37,2,NO
16,0,1,0,36,0,36,149,1,0,47,2,NO
16,0,1,0,36,0,36,119,1,0,38,2,NO
16,0,1,0,37,0,37,144,1,0,45,2,NO
12,0,1,0,29,0,29,101,1,0,32,2,NO
16,0,1,0,36,0,36,127,1,0,40,2,NO
16,0,1,0,37,0,37,143,1,0,45,2,NO
11,0,1,0,29,0,29,100,1,0,32,2,NO
16,0,1,0,36,0,36,149,1,0,47,2,NO
15,0,1,0,36,0,36,119,1,0,38,2,NO
15,0,1,0,37,0,37,138,1,0,43,2,NO
11,0,1,0,27,0,27,95,1,0,30,2,NO
17,0,1,0,40,0,40,139,1,0,44,2,NO
0,0,2,0,2,0,2,8,1,0,3,2,NO
1,0,1,0,3,0,3,26,1,0,8,1,NO
0,0,12,2,12,0,12,53,2,45,13,1,NO
1,0,11,1,11,0,11,75,1,18,21,3,NO
14,0,59,2,59,0,59,245,1,64,64,2,NO
1,0,1,0,5,0,5,80,1,0,18,1,NO
0,0,1,0,11,0,11,87,1,0,24,1,NO
0,0,2,0,2,0,2,8,1,0,3,2,NO
0,0,44,1,44,0,44,133,1,2,44,1,NO
0,0,2,0,2,0,2,13,2,0,3,1,NO
4,0,11,1,11,0,11,54,1,27,14,1,NO
0,0,9,2,9,0,9,50,2,38,12,1,NO
0,0,9,8,9,0,9,104,2,86,21,1,NO
0,0,9,16,9,4,4,257,2,75,50,1,NO
3,0,15,2,15,0,15,63,2,46,18,1,NO
2,0,11,1,11,0,11,36,2,0,11,1,NO
4,1,15,2,15,0,15,57,2,46,17,1,NO
3,1,11,1,11,0,11,33,2,9,11,1,NO
1,0,3,0,18,0,3,8,3,0,3,1,NO
1,0,3,0,14,0,3,8,3,0,3,1,NO
6,0,6,0,35,0,6,112,3,0,18,1,NO
7,1,29,15,29,0,29,326,2,89,76,1,NO
6,0,1,0,33,0,33,245,1,0,62,1,NO
5,0,4,0,17,0,16,144,2,66,35,1,NO
3,0,5,2,5,0,5,41,1,40,9,1,NO
3,0,3,0,4,0,4,96,2,0,20,1,NO
2,0,2,0,2,0,1,21,2,0,3,1,NO
1,0,1,0,2,0,2,9,2,0,2,1,NO
3,0,3,0,4,0,4,29,2,0,5,1,NO
1,0,2,0,2,0,2,32,2,0,7,1,NO
5,0,7,0,8,0,5,92,2,0,13,1,NO
1,0,4,0,4,0,1,20,2,0,4,1,NO
1,0,1,0,2,0,2,8,2,0,2,1,NO
0,0,4,0,5,0,3,37,2,0,5,1,NO
2,0,1,0,2,0,2,54,2,0,6,1,NO
2,0,1,0,2,0,2,87,2,0,16,1,NO
5,0,5,0,6,0,6,91,2,0,18,1,NO
1,0,1,0,2,0,1,27,2,0,3,1,NO
0,0,13,3,45,0,10,223,3,71,16,1,NO
1,0,4,0,5,0,5,23,2,0,5,1,NO
2,0,4,0,5,0,5,44,2,0,8,1,NO
2,0,4,0,5,0,5,54,2,0,10,1,NO
1,0,0,0,36,0,36,162,1,94,39,1,NO
3,0,3,0,4,0,4,66,2,0,12,1,NO
1,0,2,0,3,0,3,17,2,0,3,1,NO
1,0,3,0,4,0,4,21,2,0,4,1,NO
1,0,2,0,3,0,3,55,2,66,8,1,NO
1,0,3,0,3,0,3,21,1,0,4,2,NO
1,0,1,0,2,0,2,9,2,0,2,1,NO
2,0,4,0,5,0,1,60,2,0,8,1,NO
2,0,2,0,2,0,2,21,2,0,3,1,NO
4,0,2,0,3,0,3,75,2,0,14,1,NO
2,0,4,0,5,0,5,120,2,0,20,1,NO
2,0,4,0,5,0,5,46,2,0,8,1,NO
1,0,2,0,2,0,2,17,2,0,3,1,NO
1,0,2,0,3,0,3,10,2,0,3,1,NO
2,0,2,0,3,0,3,26,2,0,4,1,NO
2,0,5,0,6,0,6,23,2,0,7,1,NO
1,0,2,0,2,0,2,83,2,0,15,1,NO
3,0,3,0,4,0,4,86,2,0,16,1,NO
1,0,2,0,3,0,3,28,2,0,5,1,NO
1,0,2,1,3,0,3,14,2,33,4,1,NO
3,0,3,2,4,0,4,65,2,50,12,1,NO
2,0,3,0,4,0,4,53,2,0,9,1,NO
0,0,1,0,2,0,2,7,2,0,2,1,NO
1,0,1,0,2,0,2,13,2,0,2,1,NO
2,0,3,0,4,0,4,32,2,0,5,1,NO
0,0,2,0,2,0,2,14,2,0,2,1,NO
1,0,3,0,4,0,3,29,2,0,5,1,NO
3,0,3,0,4,0,4,27,2,0,5,1,NO
2,0,2,0,2,0,2,29,2,0,4,1,NO
2,1,32,11,32,0,32,190,2,88,47,1,NO
2,0,1,0,35,0,35,177,1,51,49,1,NO
4,0,10,2,10,0,8,112,1,65,26,1,NO
5,0,3,0,29,0,29,264,1,27,64,1,NO
0,0,0,0,5,0,5,17,1,0,5,1,NO
1,33,10,4,10,0,10,73,1,67,17,2,NO
9,0,4,4,14,0,4,62,2,56,11,1,NO
11,0,4,2,14,0,4,53,2,75,9,1,NO
12,0,5,4,17,0,7,132,2,75,24,1,NO
6,0,4,4,14,0,4,43,2,62,8,1,NO
4,0,5,4,15,0,5,43,2,70,9,1,NO
4,0,4,2,14,0,4,112,2,75,20,1,NO
9,0,4,1,14,0,4,37,2,100,8,1,NO
1,0,4,3,14,0,4,35,2,66,7,1,NO
2,0,4,3,14,0,4,35,2,75,7,1,NO
2,0,4,3,14,0,4,52,2,66,10,1,NO
10,0,7,25,17,0,7,297,2,82,60,1,NO
2,0,4,3,14,0,4,53,2,66,10,1,NO
3,0,4,1,14,0,4,28,2,100,7,1,NO
5,0,4,3,14,0,4,31,2,66,6,1,NO
13,0,5,3,15,0,5,70,2,73,13,1,NO
9,0,4,2,14,0,4,62,2,50,12,1,NO
8,0,4,6,14,0,4,81,2,41,15,1,NO
8,0,4,5,14,0,4,100,2,55,18,1,NO
17,0,5,3,15,0,5,113,2,73,23,1,NO
10,0,4,3,14,0,4,96,2,66,18,1,NO
10,0,4,4,14,0,4,142,2,62,30,1,NO
12,0,4,3,14,0,4,93,2,66,18,1,NO
9,0,24,5,25,0,20,214,1,78,50,1,NO
8,0,1,0,18,0,18,131,1,50,37,1,NO
2,0,8,3,8,0,8,51,1,70,13,2,NO
2,0,1,0,22,0,22,160,1,13,39,1,NO
0,0,3,3,3,0,3,22,2,33,5,1,NO
0,0,2,1,2,0,2,8,2,0,2,1,NO
0,0,3,3,3,0,3,27,2,33,6,1,NO
3,0,0,0,7,0,7,22,1,0,7,1,NO
17,1,6,1,6,0,6,59,2,83,10,3,NO
3,0,1,0,15,0,2,40,2,0,10,1,NO
2,0,7,0,7,0,7,208,1,0,42,1,NO
1,0,3,2,3,0,3,25,1,16,5,2,NO
0,0,1,0,1,0,1,5,2,0,1,1,NO
2,1,81,5,81,0,78,699,1,83,181,4,NO
6,1,1,0,13,0,13,251,1,66,61,1,NO
4,0,1,0,14,0,14,155,1,76,35,1,NO
